Date,Text
2019-06-13,"['Цього року, у Львові має з’явитися перша партія тролейбусів з кондиціонерами у салоні.\n\nПро це, у коментарі сайту «Варта1», сказав заступник міського голови Львова з питань транспорту Андрій Білий. \n\nЗа його словами, перші одиниці електротранспорту мають з’явитися у Львові до кінця цього року.\n\nНагадаємо, що, у січні цього року, «Львівелектротранс» підписав угоду із ЄБРР на придбання 50 тролейбусів для міста. Тендер на придбання відбувся у листопаді минулого року. Переможцем став концерн СП «Електронтранс».', 'varta1.com.ua: Новини']"
2019-06-13,"['Поблизу села Сухополова, Прилуцького району, молодь, яка відпочивала, знайшла мертвого крокодила довжиною метр. Як повідомили у прес-службі Головного управління Держпродспоживслужби у Чернігівській області, молоді люди викликали поліцію, а потім на місце події виїздили і спеціалісти Держпродспоживслужби.\n\n«Рептилія перебувала у напіврозкладеному стані (помер десь два тижні тому), через це біоматеріал на експетризу не відбирали. Крокодила захоронили, місце його виявлення продизенфікували», — поінформували у прес-службі Головного управління Держпродспоживслужби. За словами секретеря Сухополов’янської сільської ради Людмили Кубрак, знахідка холоднокровної рептилії стала для місцевих жителів дивиною.\n\n«Люди дивуються, звідки він узявся. Сільський голова сказав — було всяке, але такого не було», — зазначила вона. Кубрак зауважила, що місцеві жителі припускають — крокодила привезли з Прилук, де нещодавно був мандрівний цирк (там якраз і були крокодили).\n\nМертву тварину неглибоко закопали, а собаки чи лисиці витягли її. Інша версія — крокодил міг жити у когось у Прилуках. \n\n«У нашому селі крокодила ні в кого вдома не було. Це точно», — запевнила секретар сільради. ', 'varta1.com.ua: Новини']"
2019-06-13,"['', 'varta1.com.ua: Новини']"
2019-06-13,"['Сьогодні, 13 червня, близько 8.30 год., до поліції надійшло повідомлення про те, з дитячого притулку у Львові втекли двоє вихованців — хлопці віком 8 та 10 років, мешканці Закарпаття.\n\nПро це повідомляє відділ комунікації ГУ Нацполіції у Львівській області. \n\nПравоохоронці негайно оголосили дітей у розшук, інформацію про них отримали усі працівники поліції і, менше ніж за дві години, працівники Залізничного відділу поліції розшукали втікачів.\n\nЗараз у притулку з ними працюють фахівці, зокрема психологи.\n\n ', 'varta1.com.ua: Новини']"
2019-06-13,"['12 червня, близько 16:05 год., на 124 км автодороги «Одеса–Мелітополь–Новоазовськ», неподалік села Половинки, Березанського району, 66-річний водій мікроавтобусу «Toyota Hiace», за попередніми даними, не впорався з керуванням та допустив перекидання транспортного засобу.\n\nУ результаті ДТП, водій загинув на місці, а четверо пасажирів отримали тілесні ушкодження та доправлені до медичного закладу, інформує відділ комунікації ГУ Нацполіції у Миколаївській області. \n\n\n\nВідомості про подію внесені до ЄРДР за ознаками ч. 2 ст. 286 КК України «Порушення правил безпеки дорожнього руху або експлуатації транспорту особами, які керують транспортними засобами, що спричинили смерть або заподіяли тяжке тілесне ушкодження».\n\nНаразі, на місці скоєння дорожньо-транспортної пригоди працюють слідчі та криміналісти.\n\nОбставини автоаварії та її причини з’ясовуються.', 'varta1.com.ua: Новини']"
2019-06-13,"['У селі Закіпці, що у Турківському районі, у результаті дощів стався зсув грунту.\n\nЗа інформацією департаменту з питань цивільного захисту Львівської ОДА, через це у господарстві місцевого мешканця, 1957 року народження, в одноповерховому житловому будинку розміром 13×12 м, критому металопрофілем, було знищено веранду розміром 3×12 м та стіну (на площі 20 м2) поруч розташованої дерев’яної господарської будівлі, критої шифером, розміром 6×12 м.\n\nУ житловому будинку пошкоджено коридор розміром 3×5 м, дві кімнати розміром 4×4 м, одну кімнату розміром 5×4 м, 5 міжкімнатних дверей, речі домашнього вжитку, газовивідну трубу діаметром 25 мм, зміщено житловий будинок з фундаменту на 40 см.', 'varta1.com.ua: Новини']"
2019-06-13,"['У Сихівський відділ поліції надійшло повідомлення від 39-річного львів’янина про те, що 11 червня, близько 14.00 год., на вулиці Хоткевича, у його 9-річної доньки було викрадено рюкзак, в якому, окрім іншого, був мобільний телефон «Самсунг».\n\nПро це пише відділ комунікації ГУ Нацполіції  у Львівській області.\n\nОперативно-розшуковими заходами поліцейські встановили, що до крадіжки причетний 58-річний львів’янин. Речовий доказ у нього вилучено.\n\nВідкрито кримінальне провадження за ч. 1 ст. 185 Кримінального кодексу України (крадіжка). Статтею передбачене покарання у вигляді позбавлення волі на термін до трьох років.\n\nДосудове розслідування триває.', 'varta1.com.ua: Новини']"
2019-06-13,"['У четвер, 13-го червня, на площі Галицькій, у Львові, демонтували фонтан «Кульбаба».\n\nПро повідомляє кореспондент «Варта1» Володимир Садовий.', '', '', 'varta1.com.ua: Новини']"
2019-06-13,"['На території Яворівської «Сірки» утилізують рештки свиней з бойні.\n\nСвітлини з місця події, у спільноті “Підслухано. НЯ«, у »Facebook"", опублікувала Оксана Сеньовська.\n\n«Ось таким чином утилізують рештки свиней з бойні, що розташована  на території »Сірки«. У таку спеку це — смертельно небезпечно! Хіба нормальна людина може так чинити»? — йдеться у дописі.', '', '', 'varta1.com.ua: Новини']"
2019-06-13,"['Залізничний районний суд Львова виніс вирок у справі заступника начальника одного з райвідділів ДСНС, якого викрили на хабарництві співробітники Управління СБ України у Львівській області.\n\nПро це пише прес-центр СБ України у Львівській області.\n\nНагадаємо, що підполковник цивільного захисту, у 2016 році, вимагав від бізнесмена триста доларів за непритягнення до відповідальності, через порушення правил протипожежної безпеки. Тоді оперативники спецслужби затримали здирника, під час одержання частини неправомірної вигоди, у сумі сім з половиною тисяч гривень.', '', '', 'varta1.com.ua: Новини']"
2019-06-13,"['', 'Встановлено, що 58-річний, раніше судимий за корисливі злочини, місцевий мешканець вчинив, упродовж 2016–2019 років, низку нових правопорушень.', 'Злочинною діяльністю «спритник» займався у Яворові, пише прес-служба прокуратури у Львівській області. ', 'Викрадав, переважно, особисті речі, побутову техніку, будівельний інвентар, документи, гроші та скутер.', 'Погодившись із позицією місцевої прокуратури, Яворівським районним судом до зловмисника застосовано запобіжний захід, у вигляді тримання під вартою.', 'Зараз він перебуває у Львівській установі виконання покарань № 19, а правоохоронці вживають усіх заходів, спрямованих на завершення досудового розслідування.', 'За вчинене йому загрожує до 8 років позбавлення волі.', 'varta1.com.ua: Новини']"
2019-06-13,"['', 'З участю прокурорів Радехівської місцевої прокуратури у Бродівському районному суді завершено судовий розгляд справи стосовно 53-річного місцевого мешканця, який убив власну жінку.', 'Інцидент стався 20 квітня минулого року, у одному із сіл Бродівщини, пише прес-служба прокуратури у Львівській області.', 'Як було встановлено, чоловік напідпитку, під час суперечки із своєю 45-річною дружиною, завдав їй один удар ножем у спину, внаслідок якого потерпіла померла у кареті швидкої допомоги по дорозі у лікарню.', 'Так, обвинуваченого визнано винним у вчиненні кримінального правопорушення, передбаченого ч. 2 ст. 121 КК України (умисне тяжке тілесне ушкодження) та призначено покарання у вигляді 7 років позбавлення волі.', 'varta1.com.ua: Новини']"
2020-06-13,"['У Львівській області 13 червня грози. Про це інформує ГУ ДСНС у Львівській області.\n\nВночі та вранці подекуди туман видимістю 200–500 м. Вдень значні, по півдню території сильні дощі; пориви північного вітру та шквали 17–22 м/с, місцями град.\n\nРятувальники закликають людей бути уважними і обережними під час перебування на вулиці. Під час погіршення погодних умов, не ходити попід розлогими деревами, а також триматися подалі від рекламних щитів та ліній електропередач.', 'varta1.com.ua: Новини']"
2020-06-13,"['За минулу добу, 12 червня, в Львівській області за результатами ПЛР-діагностики, ще у 132 осіб підтверджено діагноз CoVid-19 (всього підтверджено у — 2658 ос.). Про це повідомив заступник головного лікаря Львівської обласної інфекційної лікарні Ігор Берник.\n\nВчора з лікарні з одужанням від CoVid-19 виписано — 18 осіб, з них 3 медпрацівники.\n\nЗа весь період поступлення в лікарню хворих з CoVid-19:', 'varta1.com.ua: Новини']"
2020-06-13,"['1 липня минулого року, у селищі Пашена Балка ліцеїст 2-го курсу криворізького ліцею-інтернату з посиленою військово-фізичною підготовкою Олександр Гаркуша врятував життя п’ятьох неповнолітніх дітей. Про це повідомляє «АрміяInform».\n\n\n\nЦього дня Олександр побачив, як на дитячому майданчику гралися малюки, а потім підпалили предмет, що був схожий на боєприпас і невідомо звідкіля опинився в їхніх руках.\n\nДорослих на дитячому майданчику не було.\n\n16-річний хлопець швидко зреагував на небезпеку та відразу кинувся на допомогу дітям. Олександр схопив  «знахідку», що палала, та намагався відкинути її якомога далі. Однак у руках юнака вибухівка рвонула.\n\nВідважний ліцеїст заслонив собою дітей від смертоносних металевих уламків. Усі діти залишилися завдяки Сашку живими, а він сам зазнав важких поранень та травмувань.\n\nЮнак понад два тижні перебував у реанімації, переніс декілька операцій, лікувався та проходив реабілітацію.\n\nПопри важкі травми та тривале відновлення свого здоров’я Олександр Гаркуша успішно закінчив навчання в ліцеї-інтернаті з посиленою військово-фізичною підготовкою.\n\n– Ми пишаємось нашим вихованцем та його сміливим вчинком, — розповів «АрміяInform» заступник начальника криворізького ліцею-інтернату з виховної роботи полковник Олександр Супрун. — Юнак — син військового, ветерана АТО, нині наполегливо готується до вступу в один із військових вишів Міністерства оборони України й мріє стати офіцером. Днями для Сашка надійшла добра звістка. Президент України Володимир Зеленський нагородив його орденом «За мужність» ІІІ ступеня.', 'varta1.com.ua: Новини']"
2020-06-13,"['Вчора ввечері Кабінет міністрів скасував проведення в Україні пробного ЗНО, яке планувалося на 15 і 17 червня. Про це пише «УП», з посиланням на постанову Кабміну та міністра охорони здоров’я Максима Степанова на брифінгу в суботу.\n\nМаксим Степанов на брифінгу: «Було скасовано проведення пробного ЗНО, яке передбачалося 15 червня цього року».\n\nЗгідно з постановою Кабміну від 12 червня, внесено зміни до постанови № 392 про встановлення в Україні карантину.\n\nВони передбачають, що в підпункті 4 пункту 3 постанови, що забороняє відвідування закладів освіти її здобувачами, окрім ряду випадків, вилучено слово «пробному».\n\nТепер на час карантину заборонено відвідування закладів освіти її здобувачами, крім участі «у зовнішньому незалежному оцінюванні, державній підсумковій атестації у формі зовнішнього незалежного оцінювання, вступних випробуваннях, єдиному вступному іспиті з іноземної мови, єдиному фаховому вступному випробуванні, атестації у формі тестових екзаменів ліцензійних інтегрованих іспитів »КРОК«, а також здійснення підтвердження кваліфікації моряків, проведення підготовки моряків, членів екіпажів торговельних суден, у тому числі тих, що здійснюють плавання внутрішніми водними шляхами України, та проведення підготовки судноводіїв малих/маломірних суден».\n\nОновлено: Пробне ЗНО відбудеться дистанційно', 'varta1.com.ua: Новини']"
2020-06-13,"['Сьогодні, 13 червня, о 01:40 год., до Служби порятунку «101» надійшло повідомлення про пожежу в м. Львові, на вул. Тролейбусна. Про це інформує ГУ ДСНС у Львівській області.\n\nПожежа сталася у квартирі на шостому поверсі дев’ятиповерхового житлового будинку.\n\nНа місці події працювали вогнеборці 4-ої, 30-ої, 2-ої державних пожежно-рятувальних частин м. Львова та оперативно-координаційний центр ГУ ДСНС України у Львівській області.\n\nЗ вікон квартири на шостому поверсі вибивався густий чорний дим, у квартирі знаходився власник, який самостійно не міг покинути помешкання.\n\nЗ допомогою колінчастого автопідіймача, рятувальники потрапили у квартиру, віднайшли власника та спустили на землю, де передали медикам.\n\nУ результаті пожежі власник квартири — чоловік, 1982 року народження, отримав отруєння продуктами горіння та був госпіталізований у Львівську обласну клінічну лікарню.\n\nВогнеборці вивели із задимлених помешкань будинку також 11 осіб, що самостійно не могли вийти на свіже повітря.\n\nО 02:08 год. вогнеборцям вдалось локалізувати пожежу, та о 02:10 год. повністю ліквідувати.\n\nПід час пожежі вогонь знищив речі домашнього вжитку на площі 3 кв. м, пошкодив речі домашнього вжитку на площі 20 кв. м.', 'varta1.com.ua: Новини']"
2020-06-13,"['У Львівській області за 5 місяців цього року сталося 3768 ДТП. Про це інформує Патрульна поліція Львівської області.\n\nНапроти цього ж періоду минулого року, це на 10 відсотків менше аварій.\n\nУ травні зареєстрували 740 аварій і в порівнянні з квітнем цифра зросла майже на 200 випадків.\n\n108 автопригод були з потерпілими, в яких травмувалося 136 осіб і загинуло 22 людини.\n\nЗа 5 місяців 2020 року зареєстрували 3768 дорожньо-транспортних пригод, з них 598 з потерпілими, в яких травмувалися 794 особи і 99 загинуло.\n\nНайбільше ДТП стається у п’ятницю, в період 18–19 години. Найменше у вівторок та суботу.\n\nОсновні причини ДТП:', 'varta1.com.ua: Новини']"
2020-06-13,"['Вчора, 12 чеврня, збройні формування Російської Федерації 12 разів порушили режим припинення вогню. Про це інформує пресцентр ООС.\n\nАгресор обстріляв українські позиції із заборонених Мінськими домовленостями мінометів калібрів 120 мм та 82 мм, а також, гранатометів різних систем, великокаліберних кулеметів і стрілецької зброї.\n\nУ районі відповідальності оперативно-тактичного угруповання «Схід» поблизу Широкиного російські загарбники двічі застосували міномети калібру 82 мм. Неподалік Верхньоторецького, Водяного та Мар’їнки агресор задіяв гранатомети різних систем та великокаліберні кулемети. Оборонні укріплення на підступах до Авдіївки окупанти двічі обстріляли із ручних протитанкових гранатометів і стрілецької зброї.\n\nУ районі відповідальності оперативно-тактичного угруповання «Північ» по опорних пунктах українських воїнів неподалік Луганського противник чотири рази, впродовж доби, відкривав вогонь із мінометів калібру 120 мм і 82 мм, гранатометів різних систем та великокаліберних кулеметів. Поруч з населеним пунктом Кримське окупанти застосували міномети 82 калібру, автоматичні станкові гранатомети та стрілецьку зброю.\n\nВнаслідок ворожих обстрілів один військовослужбовець Об’єднаних сил отримав поранення.\n\nЗа даними розвідки, 12 червня наші військовослужбовці знищили двох та поранили щонайменше трьох російських загарбників.\n\nВід початку поточної доби російські збройні формування в районі відповідальності оперативно-тактичного угруповання «Схід» двічі обстріляли з ручних протитанкових гранатометів та стрілецької зброї опорні пункти неподалік населеного пункту Славне.\n\nУ районі відповідальності оперативно-тактичного угруповання «Північ» по захисниках Луганського противник випустив 50 снарядів із заборонених Мінськими домовленостями артилерійських систем калібру 122 мм.\n\nУкраїнські оборонці вжили вичерпних заходів для припинення вогню з боку збройних формувань РФ, після чого загарбники відмовилися від подальшої активності.\n\nЗа поточну добу, втрат серед українських захисників немає.', 'varta1.com.ua: Новини']"
2020-06-13,"['У Львові торгівля «з рук» на вулицях, площах, у дворах, під’їздах, скверах та в інших невстановлених місцях, передбачає адміністративну відповідальність для продавців. Про це повідмоляє Гаряча лінія міста Львова.\n\nНа ГЛМЛ містян застерігають, що продукти, придбані на стихійних ринках, можуть бути небезпечними для здоров’я, особливо в умовах пандемії.\n\n«Ми двічі на день проводимо рейди і вилучаємо товар. Під час посилених карантинних заходів стихійної торгівлі, фактично, не було. У випадку виявлення порушень ми складаємо протоколи та скеровуємо їх до суду, а вже суд виписує штраф», — розповів начальник відділу проведення рейдів ЛКП «Муніципальна варта» Володимир Сисак.', 'varta1.com.ua: Новини']"
2020-06-13,"['Сьогодні, 13 червня, збройні формування російської Федерації в черговий раз відкрили вогонь з великокаліберних кулеметів та стрілецької зброї по позиціях Об’єднаних сил в районі населеного пункту Пищевик. Про це інформує пресцентр ООС.\n\nВнаслідок обстрілу, один український захисник отримав кульове поранення. Воїну оперативно надали першу медичну допомогу та евакуювали до лікувального закладу.\n\nУкраїнські воїни дали збройним формуванням Російської Федерації адекватну відповідь, втрати противника уточнюються.', 'varta1.com.ua: Новини']"
2020-06-13,"['Сьогодні, 13 чеврня, у Львові затопило вулицю. Про це інформує кореспондент «Варта1» Володимир Садовий.\n\nБіля школи 45 м. Львова, що на Науковій затопило площею близько 50 на 30 м. Колектори не приймають воду, вода вибивається з сусідніх люків.\n\nУ двох водіїв проблеми з двигуном, внаслідок проїзду вулицею, намагаються полагодити.\n\nВодіям, наразі, складно проїхати, однак дітям в радість — вони бігають у воді.\n\n\n\n\n\n[gallery link=«file» ids=«199866,199867,199868»]', 'varta1.com.ua: Новини']"
2020-06-13,"['Вчора ввечері, на сайті Кабінету міністрів України з’явилася новина про внесення змін до Постанови Кабінету міністрів України від 12 червня 2020 р. № 480, підпунктом 1 пункту 4 якої фактично було заборонено проводити пробне ЗНО в закладах освіти 15 червня. Про це повідомляє УЦОЯО.\n\nЗареєстрованих на пробне ЗНО закликають 15 червня і 17 червня не приходити на пункти проведення пробного ЗНО,  окрім відповідальних за пункти та їхніх помічників.\n\nУЦОЯО пропонує пройти пробне ЗНО онлайн.', 'varta1.com.ua: Новини']"
2021-06-13,"['Вчора, 12 червня, у районі проведення операції Об’єднаних сил зафіксовано 9 порушень режиму припинення вогню. Про це повідомляє пресцентр ООС.\n\nПоблизу Водяного , що на Приазов’ї, ворог тричі відкривав вогонь з автоматичних станкових, станкових протитанкових, ручних протитанкових, підствольних гранатометів, а також великокаліберних кулеметів і стрілецької зброї.\n\nНеподалік Авдіївки окупанти обстрілювали українські позиції з підствольних гранатометів.\n\nУ районі населеного пункту Піски російсько-окупаційні війська вели вогонь з великокаліберних кулеметів.\n\nБіля Луганського противник здійснював обстріл позицій з мінометів 82-го калібру, станкових протитанкових гранатометів і великокаліберних кулеметів.\n\nУ бік Причепилівки ворог відкривав вогонь з автоматичних станкових, станкових протитанкових, підствольних гранатометів, великокаліберних кулеметів і стрілецької зброї.\n\nПоряд з Новотошківським окупанти здійснювали обстріл з ручних протитанкових гранатометів і стрілецької зброї.\n\nБойових втрат серед українських захисників немає.\n\nКрім того, на півночі Луганської області був зафіксований проліт ворожого безпілотного літального апарату типу «Орлан-3М» із перетином лінії розмежування. БПЛА противника вчасно подавили засобами РЕБ.\n\nПро дії збройних формувань Російської Федерації повідомлено представників ОБСЄ через Українську сторону СЦКК.\n\nСтаном на 7 годину ранку, 13 червня, порушень режиму припинення вогню не зафіксовано.', 'varta1.com.ua: Новини']"
2021-06-13,"['Вчора, 12 червня, патрульні зупинилися на зелене світло світлофора аби пропустити два авто пожежної охорони, які їхали з увімкненими проблисковими маячками та сиреною вулицею Богдана Хмельницького. Про це інформує Патрульна поліція Львівської області.\n\nРятувальники їхали гасити пожежу в село Муроване.\n\nСпочатку проїхало одне авто ДСНС, а за декілька секунд інше, однак водій автомобіля «Fiat Doblo» вирішив, що пункт 3.2 (у разі наближення транспортного засобу з увімкненим синім проблисковим маячком та (або) спеціальним звуковим сигналом водії інших транспортних засобів, які можуть створювати йому перешкоду для руху, зобов’язані дати йому дорогу і забезпечити безперешкодний проїзд зазначеного транспортного засобу (і супроводжуваних ним транспортних засобів)зайвий і поїхав.\n\nПатрульні зупинили автомобіль і винесли на 39-річного львів’янина постанову за ч. 3 ст. 122 (ненадання переваги в русі транспортним засобам аварійно-рятувальних служб, швидкої медичної допомоги, пожежної охорони, поліції, що рухаються з увімкненими спеціальними світловими або звуковими сигнальними пристроями) КУпАП.\n\nВодій оплатить штраф — 680 гривень.', 'varta1.com.ua: Новини']"
2021-06-13,"['Вчора, 12 червня, близько 20:50 год, у селі Тюдів, Косівського району, перебуваючи на відпочинку послизнувся з каміння та впав у річку Черемош 12-річний хлопчик. Про це інформує Головне управління ДСНС України в Івано-Франківській області.\n\nДо аварійно-рятувальних робіт залучено рятувальників Державної пожежно-рятувальної частини #14 (5 чол., 1 од. тех.), місцевої пожежної команди селища Кути (3 чол., 1 од. тех.), пошуково-рятувального відділення міста Косів Спеціалізованої пошуково-рятувальної частини АРЗ СП ГУ ДСНС в області (5 чол., 1 од. тех., 1 катамаран). Оголошено «Збір-аварія» для відділення водолазно-рятувальних робіт аварійно-рятувальної частини АРЗ СП ГУ ДСНС в області.\n\nО 21:12 год до місця події прибули МПК Кути, а о 21:14 год — ДПРЧ-14.\n\nЗі слів очевидців встановлено, що на річці Черемош перебувало троє дітей, один з яких (хлопчик, 12 років) послизнувся з каміння та впав у річку, після чого дитину понесло вниз за течією.\n\nСьогодні, 13 червня, близько 08:00 год, гірські рятувальники підняли на берег тіло дитини, щодо якої здійснювались пошуки.', '', '', 'varta1.com.ua: Новини']"
2021-06-13,"['У Черкасах воїн 24 окремого штурмового батальйону «Айдар» окремої механізованої бригади імені князя Володимира Мономаха Богдан Гаркуша зустрівся з 10-річною дочкою померлого побратима Тимура Манджосова, аби вручити їй батьківську нагороду. Про це повідомляє 53 окрема механізована бригада імені князя Володимира Мономаха.\n\nВідзнака Ради національної безпеки і оборони України — не часта нагорода.\n\n«Сонечко, вибач за тата… Цю нагороду мав отримати Тимур Леонідович та інші захисники до дня народження батальйону «Айдар». Днем заснування батальйону вважають п’яте травня. Це був перший бій у Луганській області біля річки Айдар. Тому і назва така. На сьому річницю всіх мали привітати. Тимур Леонідович отримав свою нагороду трохи із запізненням», — розповів Богдан Гаркуша.\n\nДружина Тимура Манджосова Світлана подякувала за нагороду: «Звісно, це не полегшить наш біль і не поверне нам нашу людину. Він мав багатьох друзів, це про багато що каже. З ним хотіли спілкуватися, він завжди підтримував, допомагав, світла людина була, добра».\n\nСержант штурмової роти 24-го окремого штурмового батальйону «Айдар» Тимур Манджосов з позивним «Балу» воював за Україну з 2014 року і помер 4 травня від ускладнень, отриманих внаслідок COVID-19, у шпиталі Львова.', '', '', 'varta1.com.ua: Новини']"
2021-06-13,"['Сьогодні, 13 червня пориви та шквали північно-західного вітру 15–20 м/с. Вночі та вранці значні дощі, грози, град. (I рівень небезпечності, жовтий). Про це інформує департамент з питань цивільного захисту Львівської ОДА.\n\nПогоду визначатиме вночі вплив активних атмосферних фронтів від циклону над Фінляндією, вдень малоградієнтне баричне поле підвищеного тиску.\n\nПо Львівській області: Хмарно з проясненнями. Вночі та вранці значні дощі, грози, град. Вдень без істотних опадів. Вітер північно-західний, 9–14 м/с, пориви та шквали 15–20 м/с. Температура вночі 8–13 °С тепла, вдень 15–20 °С тепла.\n\nПо місту Львову: Хмарно з проясненнями. Вночі та вранці значний дощ, гроза, град. Вдень без істотних опадів. Вітер північно-західний, 9–14 м/с, пориви та шквали 15–20 м/с.\n\nТемпература вночі 9–11 °С тепла, вдень 17–19 °С тепла.', 'varta1.com.ua: Новини']"
2021-06-13,"['У Львівській області зареєстровано 136 952 підтверджені випадки захворювання на COVID-19, з них у Львові — 66 619. За останню добу — 47 випадків по області, з них у Львові — 32. Про це інформує пресслужба ЛМР.\n\nУ закладах Львова на стаціонарному лікуванні з пневмоніями  перебуває 71 особа, з них 60 ковідних пацієнтів, в реанімаційному відділенні — 14 осіб, на ШВЛ — 7 осіб.\n\nПоступило за добу у заклади Львова — 8 осіб, виписано — 5 осіб.\n\nВсього проведено 522 001 лабораторне дослідження на виявлення коронавірусу методом ПЛР, за останню добу проведені 578 досліджень методом ПЛР.\n\nЗареєстровано летальних випадків по Львівській області — 3618 (2,6 %), по Львову — 1765 осіб (2,6 %).\n\nВсього одужало по Львівській області — 131 181 особа (95,8%), мешканців Львова — 63 825 осіб (95,8%).\n\nЗахворіло 2697 медичних працівників Львова, з них 32 перебуває на амбулаторному лікуванні, 3 — на стаціонарному лікуванні, 2644 (98,0%) — одужали, 18 — померли.\n\nЗа останню добу бригадами Львова щеплено 1590 осіб. За весь період вакциновано першою дозою 51 460 осіб, з них двома дозами — 3867 осіб.', 'varta1.com.ua: Новини']"
2021-06-13,"['Вчора, 12 червня, о 1:50 год, сталася бійка та стрілянина в центрі Івано-Франківська. Про це інформує сектор комунікації поліції Івано-Франківщини.\n\nПравоохоронці попередньо з’ясували, що між компанією із п’яти осіб та двома чоловіками раптово виник словесний конфлікт, який переріс у бійку.\n\nОдин із учасників конфлікту витягнув предмет, схожий на пістолет та, погрожуючи ним, з місця події втік. Інший учасник бійки, якому компанія молодиків нанесла тілесні ушкодження, дістав також предмет, схожий на пістолет і здійснив постріл вгору.\n\nПо медичну допомогу ніхто не звертався.\n\nПатрульні вночі затримали декількох осіб, які можуть бути причетними до хуліганських дій. Всі обставини події будуть встановлені в ході розпочатого кримінального провадження за ч. 2 ст. 296 Кримінального кодексу України.', 'varta1.com.ua: Новини']"
2021-06-13,"['Вчора, 12 червня, у пункт пропуску «Паланка–Маяки–Удобне», що на українсько-молдовському кордоні, на в’їзд в Україну прибула громадянка РФ. Про це інформує ДПСУ.\n\nПід час заходів контролю прикордонники Білгород-Дністровського загону встановили, що іноземка незаконно перебувала в Криму.\n\nПравоохоронцям 59-річна росіянка повідомила, що прямує в Одесу, щоб виступити в театрі. Жінка відома в Росії акторка озвучування та дубляжу, а також співачка.\n\nОскільки на півострів вона потрапила з порушенням встановленого порядку в’їзду та виїзду, у в’їзді на територію України їй відмовили.\n\nКрім того, прикордонники заборонили їй в’їзд в Україну терміном на три роки.', '', '', 'varta1.com.ua: Новини']"
2021-06-13,"['Вчора, 12 червня, близько 19:35 год, у селі Кораблище, Млинівської ТГ, Дубенського району, перекинувся трактор. Про це інформує Головне управління ДСНС у Рівненській області.\n\nВодій трактора здійснюючи покос трави не впорався з керуванням з’їхав у меліоративну канаву та перекинувся, від отриманих травм, загинув на місці події.\n\nРятувальники 6-ї державної пожежно-рятувальної частини надавали допомогу працівникам поліції по деблокуванню з трактора ЮМЗ-6 мертвого тіла 33-річного чоловіка.\n\nОбставини смерті встановлюють працівники поліції.', '', '', 'varta1.com.ua: Новини']"
2021-06-13,"['Щоденний випуск новин за минулу добу 13.06:\n— у Львові водій автомобіля не пропустив пожежників;\n— у Мурованому горів автосервіс;\n— на Львівщині горів автомобіль;\n— на Франківщині дитина впала у Черемош і загинула;\n— на Закарпатті чоловік вкрав електросамокат і повіз потягом додому;\n— погода.', '', '', 'varta1.com.ua: Новини']"
2021-06-13,"['Вчора, 12 червня, вранці, у пункті пропуску «Порубне» співробітники Держприкордонслужби, спільно з представниками СБУ та митниками, зупинили вантажівку. Про це повідомляє ДПСУ.\n\nТовар знайшли під час здійснення поглибленого огляду вантажного транспортного засобу «ДАФ».\n\nВодій, громадянин України, перевозив «заморожену вишню». У ході проведення спільного огляду серед коробок з вишнями виявлено велику кількість ящиків з тютюновими виробами.\n\nПравоохоронці виявили 387 ящиків тютюнових виробів. В ящиках знаходилось понад 193 тисячі пачок сигарет, оцінених у майже 9,7 млн грн.\n\nhttps://youtu.be/uRfhe3UndSc', '', '', 'varta1.com.ua: Новини']"
2022-06-13,"['В Івано-Франківську, чоловік, маючи не погашену судимість, проникав до підвальних приміщень багатоповерхівок міста та викрадав звідти лічильники.', 'Про це повідомляє Івано-Франківська обласна прокуратура.', '«Окружна прокуратура міста Івано-Франківська підтримала обвинувачення стосовно 33-річного місцевого жителя за таємне викрадення чужого майна поєднане із проникненням у приміщення (ч. 3 ст. 185 КК України)», — йдеться у повідомленні.', 'Суд визнав його винним у вчиненні вказаного правопорушення та призначено покарання у вигляді трьох років позбавлення волі.', 'Зазначається, що чоловік, маючи не погашену судимість, повторно вчиняв умисні корисливі правопорушення. Він проникав до підвальних приміщень багатоповерхівок в Івано-Франківську та викрадав звідти лічильники.', 'У ході розслідування встановлено, що він викрав 24 лічильники обліку теплої енергії та води.', 'Нагадуємо, що у Червонограді правоохоронці викрили двох мешканців, які грабували людей.', 'varta1.com.ua: Новини', 'Ілона Мартинюк']"
2022-06-13,"['Поліцейські Хмельницького виявили чоловіка, який торгував з декількох точок харчовими продуктами без належних документів та у невстановленому місці. Про це інформує Сектор комунікації поліції Хмельницької області.', 'Правоохоронці склали протокол за правопорушення, передбачене ч. 1 ст. 160 (торгівля в містах з рук на вулицях, площах, у дворах, під’їздах, скверах та в інших невстановлених місцях) КУпАП.', 'За ч. 1 ст. 160 штраф сягає до 119 грн.', 'Чоловік прийшов до відділення поліції і намагався надати начальнику неправомірну вигоду — 2000 гривень. ', '', '', 'Слідчі відкрили кримінальне провадження за ч. 1 ст. 369 (пропозиція, обіцянка або надання неправомірної вигоди службовій особі) Кримінального кодексу України.', 'Санкція статті передбачає покарання до 4 років позбавлення волі.', 'varta1.com.ua: Новини', 'Ольга Чобіт']"
2022-06-13,"['До 1200 тіл, у тому числі знайдених у братських похованнях, поки що не ідентифіковано. Про це повідомив глава Нацполіції України Ігор Клименко, передає «Інтерфакс».', 'За фактом загибелі понад 12 тисяч людей відкрито кримінальне провадження, багато з тіл знайдені в братських могилах.', 'За його словами, близько 75 % загиблих — чоловіки, близько 2 % — діти, а решта — жінки. Лише в Київській області загинуло понад 1,5 тисячі мирних жителів, 116 тіл знайдено в одній могилі в місті Буча.', '«У Бучі в одній такій могилі було поховано 116 людей, були поховання менші — по 5–7 осіб. Жителі збирали тіла загиблих та ховали у парках», — сказав Клименко.', 'Він сказав, що ідентифікація деяких тіл займає багато часу.', '«Це тривалий процес, достатньо кропіткий, тому що дуже багато тіл у стані гнильного розпаду. У тих родичів, які зверталися до нас на гарячу лінію, відбираємо ДНК, потім профілі цих родичів порівнюємо з профілями загиблих, які були поховані, розстріляні, яких не змогли впізнати. Родичі мають бути лише прямі — батько-мати-рідні діти. Тільки так ми працюємо», — додав Клименко.', 'Нагадаємо, путін назвав кінцеву мету нападу на Україну, багато країн перебуває у небезпеці.', 'varta1.com.ua: Новини', 'Ольга Чобіт']"
2022-06-13,"['Суд заарештував акції та кошти на суму 53,4 млн грн у компанії з виробництва та реалізації мінеральної води, яка належить російському олігарху.', 'Про це повідомляє Офіс генпрокурора в «Telegram».', 'Слідство встановило, що підприємство через кіпрські компанії належить олігарху з росії. Хоча Офіс прокурора не називає його імені, за даними ЕП йдеться про Міхаіла Фрідмана — російського олігарха, що знаходиться під санкціями США, ЄС та Британії.', 'Арешт накладено на загальну суму понад 53,4 млн грн. Серед усього — цінні папери та грошові кошти. Бенефіціарним власником яких є російський олігарх. Який прокручував все через кіпрські компанії.', '“російський олігарх із бізнесменами, шляхом укладання правочинів із продажу корпоративних прав, намагалися уникнути можливих санкцій та застосування заходів примусового вилучення прав власності, передбачених законодавством України”, — кажуть в Офісі генпрокурора.', 'Нагадаємо, що Львівський суд заборонив діяльність ще однієї партії.', 'varta1.com.ua: Новини', 'Ілона Мартинюк']"
2022-06-13,"['Під Бучею правоохоронці виявили тіла мирних мешканців, яких окупанти катували, а потім жорстоко вбили пострілами в голову. ', 'Про це повідомив начальник Національної поліції Київської області Андрій Нєбитов.', 'Це масове захоронення розстріляних мирних жителів виявили сьогодні, 13 червня, на позиціях солдатів російської федерації поряд із селом Мироцьке, Бучанського району.', '«7 цивільних громадян росіяни катували, а потім жорстоко стратили пострілами в голову.', 'У багатьох жертв були зв’язані руки та простріляні коліна. Зараз ми працюємо над тим, щоб ідентифікувати загиблих», — йдеться у повідомленні Нєбитова.', 'Фото: Нацполіція Київщини', '', '', 'Нагадаємо, що на Рівненщині чоловік завдав племіннику удар ножем за пляшку горілки (ФОТО).', 'varta1.com.ua: Новини', 'Ілона Мартинюк']"
2022-06-13,"['Російські загарбники продовжують застосовувати в Україні заборонені види озброєнь та розстрілювати цивільних.', 'Вже не вперше ворог використовує фосфорні бомби на сході України.', 'Про це свідчить нове перехоплення СБУ.', '«Фосфором жгут. С нашей стороны в хохлячую сторону полетел фосфор», — розповідає матері окупант.', 'Водночас, загарбник зізнається, що вони отримали команду розстрілювати усі машини, у тому числі з мирним населенням.', '«Будет из машины дуршлаг», — радіє він. У відповідь матір зітхає, але для неї вбивство цивільних людей виправдовується просто — «не судьба».', 'Служба безпеки України нагадала, що використання фосфорних бомб є злочином проти людяності та порушенням Женевської конвенції. А вбивство мирних людей суперечить законам і звичаям війни.', '«Усі зібрані СБУ дані увійдуть до матеріалів у міжнародних судах, щоб жоден російський злочин не залишився безкарним», — йдеться у повідомленні СБУ.', '', '', 'Нагадаємо, що ракетний удар по Тернопільщині пошкодив 37 житлових будинків.', 'varta1.com.ua: Новини', 'Ілона Мартинюк']"
2022-06-13,"['У деяких російських військових не витримує психіка на війні проти України.', 'Про це йдеться у перехопленій розмові одного з окупантів, опублікованій Головним управлінням розвідки МО України.', '«У пацанів вже дах їде. Трьох на дурку відправили», — окупант скаржиться, що на війні у рашистів не витримує психіка. ', 'Загарбник скаржиться, що на війні у російські військові починають божеволіти.', 'Окупант шокований втратами — тільки в їхньому підрозділі «мінус одинадцять». Сам від дивом залишився цілим, оскільки осколки зміг втримати бронежилет.', '«Пи… (стріляють) без кінця. 152-гі, 202-гі. Можна просто є… на голову (збожеволіти). У пацанів вже дах їде. Трьох на дурку відправили», — каже він.', 'Дружина натомість бажає чоловікові «берегти себе». ', '', '', 'Нагадаємо, що загарбники зізнаються, що використовують фосфорні бомби на сході України. Про це свідчать перехоплені розмови.', 'varta1.com.ua: Новини', 'Ілона Мартинюк']"
2022-06-13,"['У Хмельницькій області 28-річний місцевий мешканець розбестив трьох дівчаток віком 4, 6 та 8 років.', 'Про це повідомили у поліції Хмельницької області.', 'Інцидент трапився в одному із сіл на території Росошанської громади. 28-річний місцевий мешканець біля продуктового магазину, скориставшись відсутністю сторонніх осіб, вчинив розпусні дії відносно трьох дівчаток, віком 4, 6 та 8 років.', 'Наступного дня одна з постраждалих дівчаток про це розповіла своєму батьку. Після почутого чоловік звернувся до поліції.', '«Правоохоронці встановили, що зловмисник вчинив фізичне розбещення щодо малолітніх з метою задоволення власної статевої пристрасті, яке виражалось в доторканні до статевих органів потерпілих. Про що свідчать відеодокази з камер спостереження», — йдеться у повідомленні.', 'Поліцейські оперативно встановили місце перебування зловмисника і затримали його. Кривдником виявився місцевий мешканець, судимий за зберігання та розповсюдження наркотиків.', 'Слідчі Хмельницького райуправління оголосили чоловікові про підозру у вчиненні кримінального правопорушення, передбаченого ч. 2 ст. 156 (вчинення розпусних дій щодо малолітньої особи ) Кримінального Кодексу України.', 'Тепер підозрюваному загрожує позбавлення волі на термін до восьми років.', 'Нагадуємо, що двоє дітей потрапили в лікарню через п’яного водія на Закарпатті (ФОТО).', 'varta1.com.ua: Новини', 'Ілона Мартинюк']"
2022-06-13,"['Сьогодні ввечері, 13 червня, близько 19 год, у Львові, на вулиці Шевченка сталася пожежа.', 'Про це повідомляє «Варта1».', 'За попередніми даними, загоряння відбулося у господарській дерев’яній будівлі.', 'Внаслідок пожежі, травмованих немає. На місці працювали працівники ДСНС у Львівській області, «Львівгаз», швидка медична допомога та патрульна поліція міста Львова, яка регулювала рух транспортних засобів.', 'Також через пожежу було перекрито проїзд автомобілів по вулиці Шевченка і врегульовано об’їзд через прилеглу вулицю з дачними кооперативами або через населений пункт Брюховичі.', 'Близько 21 год, вогнеборці ліквідували загоряння будівлі.', 'Фото: «Варта1»', '', '', 'Відео: Юрій Добуш', '', '', 'Нагадаємо, що у Львові двоє людей потрапили з отруєнням до лікарні.', 'varta1.com.ua: Новини', 'Ілона Мартинюк']"
2022-06-13,"['Розвідників однієї із бригад Тероборони ЗСУ вчили форсувати водні перешкоди, евакуювати поранених та транспортувати полонених.', 'Про це повідомляє Генштаб ЗСУ у «Facebook».', '«Впродовж трьох днів з розвідниками однієї з бригад Територіальна оборона ЗС України проводилось тактико-спеціальне навчання», — йдеться у повідомленні Генштабу.', 'Водночас, відпрацьовувались форсування водної перешкоди зі зброєю різними способами; проведення евакуації поранених через водойму; транспортування полонених в базовий табір.', 'Фото: Генштаб ЗСУ', '', '', 'Нагадуємо, що раніше Зеленський підписав закон про дозвіл перекидання ТРО до зони бойових дій.', 'varta1.com.ua: Новини', 'Ілона Мартинюк']"
2022-06-13,"['У Львові планують відкрити Офіс для координації роботи міжнародних гуманітарних організацій. За словами представників ООН, він має покращити роботу з надання гуманітарної допомоги українцям.', 'Про це повідомив голова Львівської обласної військової адміністрації Максим Козицький.', 'Заяву про відкриття офісу під час зустрічі з керівництвом області зробив заступник Голови Управління ООН з координації гуманітарних справ в Україні Джеймс Везерілл. Робота офісу поширюватиметься на Рівненську, Волинську, Закарпатську, Івано-Франківську та Львівську області. Його відкривають для координації усіх організацій, які підтримують Україну, щоб збільшити гуманітарну допомогу та соціально-правовий захист людей.', 'Максим Козицький під час зустрічі наголосив, що ключовим питанням є житло для переселених осіб на Львівщині, адже з 1 вересня планується повернення до очного навчання у школах, у більшості з яких зараз розміщені переселенці. Окремо стоїть питання психологічної допомоги людям, які постраждали від війни, і перш за все дітям.', 'Нагадаємо, що Держархів Львівщини оголосив збір документів і свідчень про російсько-українську війну. Матеріали будуть зберігатися постійно у фонді архіву для майбутніх поколінь.', 'varta1.com.ua: Новини', 'Ілона Мартинюк']"
2022-06-13,"['Воїни 81-ї окремої аеромобільної бригади Десантно-штурмових військ підірвали батарею РСЗВ «Ураган» разом з підрозділом матеріально-технічного забезпечення.', 'Про це повідомило командування Десантно-штурмових військ Збройних Сил України у «Facebook», опублікувавши відповідне відео.', '«Ефективне застосування артилерії 81 окремої аеромобільної бригади ДШВ ЗС України щодо знищення батареї РСЗВ БМ-27 «Ураган» разом зі спеціальними машинами та підрозділом матеріально-технічного забезпечення ЗС РФ, де окупанти в польових умовах заправляли та обслуговували військову техніку», — написали в командуванні.', 'До посту прикріпили ролик, в якому демонструються наслідки удару. На відео помітно як мінімум сім знищених одиниць техніки. Серед них є «Урагани» і автокран.', '', '', 'Нагадаємо, що у Генштабі показали, як тривають спецнавчання тероборонівців (ФОТО).', 'varta1.com.ua: Новини', 'Ілона Мартинюк']"
2023-06-13,"['На Луганщині загинув 30-річний боєць з Бродівщини Назар Белей.', 'Як повідомили у Бродівській міській раді, стрілець Назарій Петрович Белей поліг 10 червня під час виконання бойового завдання біля селища Діброва Сєвєродонецького району.', '', '', '«Прощання із Захисником відбудеться в селі Глушин. Завтра, 14 червня, о 14:00 – віддаємо останню шану Назарію Белею», зазначається у повідомленні.', ' ', 'varta1.com.ua: Новини', 'Володимир Садовий']"
2023-06-13,"['У суботу, 10 червня у поліцію за допомогою звернулась 17-річна мешканка Львова, яка повідомила, що напередодні, 9 червня, о 15.50 під час проїзду в маршрутному автобусі № 61 на вулиці Личаківській невідома жінка спричинила їй травму, завдавши удару в обличчя. Про це повідомила Поліція Львівської області.', 'Внаслідок події дівчина отримала травму брови, травма відноситься до легких тілесних ушкоджень.', 'Правоохоронці встановили, що до вчинення злочину причетна 60-річна жителька Львова. ', 'Слідчі Львівського районного управління поліції №1 відкрили кримінальне провадження за ч.1 ст.125 (Умисне легке тілесне ушкодження) Кримінального кодексу України.', '', '', ""Жінці загрожує штраф до п'ятдесяти неоподатковуваних мінімумів доходів громадян або громадські роботи на строк до двохсот годин, або виправні роботи на строк до одного року."", 'varta1.com.ua: Новини', 'Ольга Чобіт']"
2023-06-13,"['СБУ затримала російського агента у результаті контрдиверсійних заходів на Дніпропетровщині.', 'Як повідомили у спецслужбі, СБУ затримала агента фсб, який шпигував за центрами підготовки ЗСУ до контрнаступу. За вказівкою фсб він збирав розвіддані про місця дислокації Сил оборони в районах Дніпра, Кам’янського та Новомосковська.', 'Основним його завданням було здобуття інформації про військові полігони і тренувальні центри, де здійснюють підготовку підрозділи ЗСУ. Насамперед він намагався встановити орієнтовну кількість особового складу та військової техніки українських військ, які готуються до можливого перекидання на фронт.', '', '', 'За кожне виконане завдання зрадник отримував від свого «куратора» з фсб грошову «винагороду», яка надходила на банківську картку фігуранта.', 'Ворожим поплічником виявився 42-річний місцевий житель, який два місяці тому був дистанційно завербований спецслужбою рф і отримав оперативний псевдонім «Геральт». У поле зору агресора він потрапив через свої неодноразові антиукраїнські коментарі в одному із прокремлівських Телеграм-каналів.', 'Для виконання завдань фсб зрадник самостійно виходив на місцевість і приховано спостерігав за місцями базування Сил оборони. З метою конспірації російський агент створив декілька анонімних акаунтів у «Телеграм», через які передавав розвіддані агресору.', 'Під час обшуку за місцем проживання затриманого виявлено мобільний телефон і комп’ютер з доказами злочинної діяльності.', 'Читайте також: у Черкасах затримали переселенця під час коригування ним ворожого удару по місту.', 'Слідчі повідомили йому про підозру за ч. 2 ст. 111 ККУ (державна зрада, вчинена в умовах воєнного стану). Наразі він під вартою. Зловмиснику загрожує довічне ув’язнення.', ' ', 'varta1.com.ua: Новини', 'Володимир Садовий']"
2023-06-13,"['Російська терористична армія у ніч проти 13 червня обстріляла ракетами місто Кривий Ріг. Одна з ракет влучила у житловий будинок, де загинуло 4 людини. Також у цю ніч терористи атакували склад з бутильованою водою, де загинуло 7 людей, серед яких є 17-річний хлопець. ', 'Про це повідомив міністр внутрішніх справ Ігор Клименко, інформує «ТСН». ', '«Одна з ракет потрапила у житловий будинок, повністю знищено два поверхи. Знищено перекриття між першим та другим поверхами. Там загинуло 4 людини - це молода родина, віком 22 роки, літня людина та одного чоловіка, приблизно 30 років ми ще ідентифікуємо. Для цього потрібно кілька годин», сказав він. ', '', '', 'Також окупанти запустили ракету по складській будівлі. Там був зберігали бутильовану воду, яку відправляли потерпілим через теракт на Каховській ГЕС. ', '«Тут працювало близько 25 людей. Вони працювали навіть у цілодобовому режимі. Звідси вода розвозилась у всі куточки нашої держави, зокрема і у Херсонську область для постраждалих внаслідок теракту на Каховській ГЕС. Тут знайшли тіла 7 цивільних громадян, одному з них було 17 років. Троє людей у лікарні. Загалом загинуло 11 людей, 28 осіб перебувають у лікарні», - сказав він. ', '', '', 'Читайте також: завтра у рідному місті Президента Зеленського оголошено День жалоби.', '', '', ' ', 'varta1.com.ua: Новини', 'Ксенія Бурченко']"
2023-06-13,"['Кабінет міністрів схвалив законопроєкт щодо функціонування телемедицини в Україні, який тепер мають передати на розгляд парламенту. ', 'Про це розповіли в уряді. ', 'Телемедицина – це комплекс дій, технологій та заходів, які застосовують під час надання медичної допомоги, щоб зменшити відстань як від лікаря та пацієнта, так і між лікарями. ', 'Як пише «Zmina», вперше на теренах України телемедицину застосували ще у 1935 році у Львові, коли професор Мар’ян Франке та професор Вітольд Липинський організували передавання результатів обстежень серця пацієнтів на 500 метрів в інститут патології. ', 'У незалежній Україні у 2007 році створили спочатку спеціалізований заклад, що займався впровадженням та розвитком телемедицини, а у 2015-му – затвердили телемедицину на законодавчому рівні. Одним із її прикладів є медична інформаційна система для закладів охорони здоров’я та медичний портал для пацієнтів, або Helsi. ', '“Зазвичай, пацієнти з таким діагнозом як цукровий діабет мають вдома свій глюкометр. Проаналізувавши аналіз крові за допомогою пристрою, можна сповістити лікаря зручним засобом зв’язку про результати та домовитись з ним про відео-консультацію. Впродовж відео-консультації пацієнт може отримати відповідні рекомендації та характеристику свого стану здоров’я. Після консультації лікар може скласти відповідні призначення та надіслати їх пацієнту”, – пояснювали у НСЗУ, як телемедичні технології можуть допомагати пацієнтам. ', 'У пояснювальній записці до законопроєкту, схваленого урядом, автори зазначають, що зараз в українських закладах первинної медичної допомоги вже є близько чотирьох тисяч мобільних телемедичних апаратно-діагностичних комплексів, а в областях розпочали роботу регіональні центри телемедицини. Підхід до телемедицини змусили переглянути пандемія коронавірусу та особливо повномасштабне вторгнення Росії, внаслідок якого багато людей втратили можливість отримати допомогу лікаря. ', 'Автори законопроєкту пропонують внести зміни до законів України “Основи законодавства України про охорону здоров’я”, “Про реабілітацію у сфері охорони здоров’я” та “Про екстрену медичну допомогу”. У документі визначають основні поняття, наприклад, “телемедицина”, “електронна охорона здоров’я”, “телереабілітація” та інші. ', 'Наприкінці минулого року парламент ухвалив закон щодо підвищення доступності медичної та реабілітаційної допомоги у період дії воєнного стану. Згідно із ним, до надання медичної, реабілітаційної допомоги із застосуванням телемедицини можуть залучати іноземних медпрацівників, а також фахівців з реабілітації. Виняток становлять громадяни Російської Федерації та Республіки Білорусь. ', 'Читайте також: українцям радять найближчим часом утриматися від вживання свіжовиловленої риби через ризик отримати смертельну хворобу.', 'Нагадаємо, що внаслідок повномасштабного російського вторгнення щонайменше 3 тисячі українців померли, оскільки не мали доступу до лікування хронічних захворювань.', ' ', 'varta1.com.ua: Новини', 'Володимир Садовий']"
2023-06-13,"[""У п'ятницю, 9 червня, завершилось службове розслідування евтаназії здорових собак в ЛКП «Лев». За його результатами, довели вину колишньої в.о. керівниці Олени Іващенко та головного лікаря Ярослава Мухи, їх звільнили. Сьогодні, 13 червня, оголосили конкурс на посаду керівника."", 'Про це повідомив перший заступник міського голови Андрій Москаленко, інформує « Tvoemisto.tv».', ""За словами заступниці міського голови з житлово-комунальних питань Ірини Маруняк, відбулось грубе порушення обов'язків головного лікаря. З боку керівниці – неналежний контроль, а з боку головного лікаря – неналежне виконання своїх обов’язків та грубе порушення вимог чинного законодавства щодо евтаназії тварин. Наразі проводиться слідство."", 'Зазначимо, що для евтаназії потрібно було зібрати консиліум ветеринарів, який би встановив підставу для цього, однак такого консиліуму не відбулося. Головний лікар мав би ініціювати його зібрання, а також отримати пояснення кінолога. Лише після позитивного заключення про те, що необхідно робити евтаназію, можна було б проводити процедуру.', '«Керівниця пояснила свої дії незнанням чинного законодавства й тим, що вона поклалася на думку головного лікаря», – додала Ірина Маруняк.', 'Зазначимо, що за вбивство тварин українським законодавством передбачено від 5 до 8 років позбавлення волі.', 'На посаду керівника ЛКП «Лев» оголосили відкритий конкурс. Начальниця управління персоналу ЛМР Лілія Савич повідомила, що створять експертну раду, яка проводитиме стандартний процес підбору персоналу. На сайті ЛМР з’явиться оголошення щодо цього. Резюме відбиратимуть 15 днів, потім буде зустріч з експертами. Під час такої зустрічі кандидат мусить представити презентацію: «Як я бачу розвиток ЛКП «Лев».', 'Вимоги до майбутнього керівника чи керівниці: людина з потенціалом та досвідом роботи, емпатійністю до тварин та любов’ю до людей, також необхідний рівень англійської – b2.', 'Читайте також: у ЛКП «Лев» працівники провели евтаназію двох здорових собак.', ""Нагадаємо, що у Львові в ЛКП «Лев» вночі з п'ятниці на суботу, 3 червня, евтаназували двох здорових собак."", 'varta1.com.ua: Новини', 'Володимир Садовий']"
2023-06-13,"['У тимчасово окупованому Севастополі, що у Криму, російські силовики затримали місцеву жительку за гасло «Слава Україні».   ', 'Про це повідомляє «Крим Реалії».', 'У день святкування «Дня Росії» у центральній частині міста на проспекті Жовтневої революції жінка вигукувала гасло «Слава Україні!», перехожі відповідали – «Героям слава!».', ""За даними місцевих ЗМІ, жителем зацікавилися поліція і спецслужби. Після затримання з'явилося відео з вибаченнями від «порушниці», їй загрожує штраф до 50 тисяч рублів."", 'За спостереженнями кореспондента Крим.Реалії, гасло «Слава Україні» звучало і на Приморському бульварі, який проходили через пости поліції.', 'Жінку змусили змусили перепросити на камеру, їй загрожує штраф близько 22 тис. грн за дискредитацію армії РФ.', ' ', 'varta1.com.ua: Новини', 'Анастасія Сенів']"
2023-06-13,"['28 травня 2023 року, війна обірвала життя українського військового, люблячого чоловіка та батька Рябухи Тараса, який захищав нашу землю від ворога на Донеччині.  ', 'Про це у Фейсбук повідомила Новояворівська міська рада.', ""«Тарас дуже любив все те, що пов'язано зі зброєю, автомобілями і був добрим господарем. Я завжди казала, що проста робота для нього буде нудною, що без служби він не зможе. Він був опорою хлопцям своїм, на нього можна було покластися, він відносився відповідально до роботи, виконував важкі бойові завдання», - слова дружини Наталії про Тараса.  "", 'Висловлюємо щирі співчуття рідним, близьким та побратимам загиблого захисника.  \nВічна пам’ять і шана Герою!  ', ' Молитовна зустріч Героя відбудеться в середу, 14 червня, о 11:00 год при вʼїзді в м. Новояворівськ (поблизу автостанції за адресою вул. Ів. Франка, 6).  ', 'Прощання та чин похорону відбудеться 14 червня о 12:00 год в храмі свв.апп.Петра і Павла м.Новояворівськ. Поховають бійця на цвинтарі м. Новояворівськ.  ', 'Коротка довідка про Героя.', '', '', ' Рябуха Тарас Михайлович народився 9 березня 1988 року у селі Байдаково Кіровоградської області. Закінчив Омельницьку школу. Професійну освіту здобув у Кременчуцькому професійно-технічному училищі №6.  ', 'З 2008 по 2010 і з 2014 по теперішній час Тарас служив - розвідником-снайпером, сержантом-інструктором, головним сержантом і під кінець командиром взводу.  \nТарас був кіборгом, захищав Донецький аеропорт.  ', 'У 2019 році одружився з новояворівчанкою Наталею. ', 'Український захисник за життя був нагороджений орденом «За мужність» ІІІ ступеня у 2014 році, нагрудними знаками - «За зразкову службу», «За взірцевість у військовій службі» та «За оборону Донецького аеропорту» у 2016-2017 роках, у 2022 році відзначений почесним нагрудним знаком Головнокомандувача ЗСУ «Сталевий хрест».  ', 'З початком повномасштабного вторгнення продовжував захищати українську землю від російського ворога у складі 80 окремої десантно-штурмової бригади, проте життя Тараса обірвалося 28 травня 2023 року.', '«Відважний, мудрий, товариський, відданий спільній справі з захисту рідної землі. Хороший вчитель та лідер для тих, з ким проходив службу», - так говорять про Тараса його побратими. ', 'У захисника Тараса залишилися мати Тетяна Миколаївна, дружина Наталія, діти – 3-річний син Тарас та 2-місячна донька Емілія, брат Роман.', ' ', 'varta1.com.ua: Новини', 'Анастасія Сенів']"
2023-06-13,"[""Тиждень буде супроводжуватись прохолодною та дощовою погодою, пов'язаною з утворення висотного циклону над Польщею."", 'Поо це у Фейсбук повідомив Львівський гідрометцентр.', 'Але, до кінця тижня очікується надходження більш теплих повітряних мас з півдня, що призведе до незначного підвищення.температури повітря як нічної так і денної на 3-4°. Вітер переважатиме південно-східного напрямку, слабкий до помірного. Видимість погіршуватиметься через тумани та опади на окремих ділянках доріг та вулиць.', '14 червня погоду визначатиме вплив атмосферних фронтів з південного заходу.', 'По Львівській області: Хмарно з проясненнями. Короткочасні дощі. Вдень подекуди грози, град. Вночі та вранці слабкий туман. Вітер південно-східний, 5 – 10 м/с. Температура вночі 8 – 13°, вдень 18 – 23° тепла.', 'По місту Львову: Хмарно з проясненнями. Короткочасний дощ. Вночі та вранці слабкий туман. Вітер південно-східний, 5 – 10 м/с. Температура вночі 10 – 12°, вдень 19 – 21° тепла.\nПогіршення видимості в опадах, в тумані 500 – 1000 м.', 'Атмосферний тиск падатиме, відносна вологість повітря дещо зменшиться.', ' ', 'varta1.com.ua: Новини', 'Анастасія Сенів']"
2023-06-13,"['У зеленому господарстві Дрогобича повідомили, що вандали знищили частину саджанців у нещодавно закладеному Парку Нескорених. Дерева там висадили 22 травня у пам’ять про закатованих в Ізюмі українців.', 'У міськраді Дрогобича повідомили, що невідомі поламали частину дерев і вкрали або понищили опори саджанців.', '«Молоді саджанці дуба, висаджені на вулиці Наливайка, мали в майбутньому стати могутнім символом сили та незламності українського народу. Однак не минуло й місяця, як частину посадки знищили вандали», – кажуть в міськраді.', 'Працівники зеленого господарства вже відновлюють опори та проведуть висадку додаткових дерев. Можливих свідків вандалізму просять повідомляти в поліцію.', ' ', 'varta1.com.ua: Новини', 'Анастасія Сенів']"
2023-06-13,"['На Херсонщині розпочали збирання сміття та мулу на територіях, де зійшла вода. Техніку і людей вже завезли, але роботи почнуться лише після обстеження території. Про це заявив міністр внутрішніх справ Ігор Клименко.', ""У районах, що постраждали від повені, почали підраховувати збитки, а також з'ясовують, скільки осель відновленню не підлягає. Міністр повідомив, що держава відбудовуватиме житло. Газовики та енергетики взялися відновлювати комунальні послуги, а санітарні фахівці працюють, аби уникнути небезпеки зараження. Повідомляє ТСН."", '“Тільки в Херсоні ми підготували 33 групи саперів, які будуть іти перед комунальниками, перед поліцією, перед працівниками служби безпеки, які будуть документувати відповідно, що відбулося на території Херсонської області”, - розповів міністр внутрішніх справ Ігор Клименко.', 'Мор риби загрожує і водоймам Запоріжжя. Йдеться про Біленьківську, Долинську, Кушугумську громади та обласний центр.', 'Запорізькі посадовці вже заявили, що наслідки підриву Каховської ГЕС для екології України - катастрофічні. Міліють акваторії національного парку “Великий Луг”, розташованого в окупованому Василівському районі. Провести обстеження територій, які поки непідконтрольні Україні, неможливо.', 'Натомість фахівці щодня перевіряють плавні Хортиці. Наразі, кажуть в обласній військовій адміністрації, мору не фіксують, бо рівень води у Дніпрі після підриву дамби знижувався поступово.', '“Якщо ми будемо спостерігати ризик задухових явищ, це Балабинська затока, по-перше, озера острова Хортиця, буде ухвалене рішення щодо меліоративного вилову водних біоресурсів для упередження їх замору”, - зазначив директор департаменту захисту довкілля Запорізької ОВА Сергій Карпій.', ' ', 'varta1.com.ua: Новини', 'Анастасія Сенів']"
2023-06-13,"['Суд відмовив Українській православній церкві Московського патріархату проводити богослужіння в Києво-Печерській лаврі.', 'Про це повідомив міністр культури та інформаційної політики Олександр Ткаченко.', '«Маємо першу, і вірю, що не останню, перемогу в суді  у справі повернення майна Києво-Печерської лаври державі», – написав Ткаченко.', 'Слухання за позовом УПЦ МП до Національного заповідника Києво-Печерська лавра тривало 13 червня у Господарському суді Києва за позовом УПЦ МП до Національного заповідника Києво-Печерська лавра.', ""Представників чоловічого монастиря УПЦ під час засідання не було. Вони на нього не з'явилися та просили його перенести. Суд відхилив клопотання через необґрунтованість."", 'Суд, дослідивши матеріали справи, прийняв рішення про відмову в задоволенні позовних вимог УПЦ, повідомив Ткаченко.', ' ', 'varta1.com.ua: Новини', 'Анастасія Сенів']"
2023-06-13,"['Після підриву окупантами Каховської ГЕС екологи спостерігають масову загибель риби. Споживати її не можна, оскільки це спричинить виникнення харчових отруєнь.', 'Про це повідомили в Міністерстві аграрної політики та продовольства України.', 'Як зазначається у повідомленні, у результаті руйнації Каховської ГЕС спостерігається загибель риби у великих обсягах, при переробці та споживання якої може спричинити виникнення харчових отруєнь, зокрема ботулізму - дуже небезпечного і в багатьох випадках смертельного захворювання.', 'Рекомендуємо найближчим часом утриматися від придбання та вживання у їжу свіжовиловленої риби, не тільки в Херсонській області, а і в регіонах басейну річки Дніпро.', 'Не наражайтеся на небезпеку, адже жоден із способів приготування не зробить її безпечною для вас. Таку рибу неможливо вживати в жодному вигляді (солена, сушена, варена, смажена). Вона може містити збудники інфекційних захворювань, у тому числі ботулізму, паразитів та небезпечні хімічні речовини.', 'Як себе убезпечити:', 'не купувати копчену, солону та в’ялену рибу на стихійних ринках, яка була виготовлена в домашніх умовах та без лабораторного контролю;', 'купуючи сушену та в’ялену рибу промислового виробництва, навіть в закладах торгівлі, звертайте увагу на її зовнішній вигляд, умови зберігання, наявність маркування із зазначенням дати виготовлення та терміну придатності;', 'бажано вживати консерви тільки промислового виготовлення, так як технологія та рецептура їх приготування розроблена з урахуванням профілактики ботулізму та з проведенням відповідного лабораторного контролю;', 'не вживайте консерви при найменшій підозрі на її недоброякісність, а саме не використовувати продукцію з бомбажних (здутих) банок.', 'Читайте також: після підриву Каховської ГЕС ризиковано вживати солену та в’ялену рибу.', 'У випадку появи симптомів захворювання слід негайно звернутися до лікаря.', 'varta1.com.ua: Новини', 'Ксенія Бурченко']"
