,word,frequency
0,червня,40
1,області,38
2,україни,32
3,осіб,19
4,львівській,19
5,інформує,17
6,год,16
7,львові,15
8,людей,15
9,поліції,15
10,львова,14
11,повідомляє,13
12,вночі,12
13,мартинюк,10
14,річний,10
15,дснс,10
16,повідомив,10
17,вчора,10
18,ілона,10
19,нагадаємо,10
20,«»,10
21,районі,9
22,гранатометів,9
23,проведення,9
24,вдень,9
25,йдеться,9
26,чоловік,8
27,повідомили,8
28,володимир,8
29,допомоги,8
30,лікаря,8
31,події,8
32,кримінального,8
33,мс,8
34,трьох,8
35,управління,8
36,суд,8
37,львівської,7
38,вранці,7
39,міста,7
40,загинуло,7
41,окупанти,7
42,великокаліберних,7
43,кулеметів,7
44,стрілецької,7
45,зброї,7
46,зно,7
47,протитанкових,7
48,загрожує,7
49,заходів,7
50,мм,7
51,позбавлення,7
52,волі,7
53,роботи,7
54,головного,7
55,повідомленні,7
56,україні,7
57,добу,7
58,селі,6
59,працівники,6
60,№,6
61,пише,6
62,фото,6
63,сбу,6
64,зсу,6
65,сил,6
66,лкп,6
67,місці,6
68,допомогу,6
69,олександр,6
70,російської,6
71,федерації,6
72,садовий,6
73,території,6
74,×,6
75,розміром,6
76,гес,6
77,вогонь,6
78,клименко,6
79,сенів,6
80,анастасія,6
81,вулиці,6
82,району,6
83,тепла,6
84,даними,5
85,риби,5
86,частини,5
87,кодексу,5
88,відповідальності,5
89,дітей,5
90,вигляді,5
91,«лев»,5
92,комунікації,5
93,станкових,5
94,місцевий,5
95,правоохоронці,5
96,затримали,5
97,град,5
98,рф,5
99,пункту,5
100,отримав,5
101,поліція,5
102,тараса,5
103,річного,5
104,захисту,5
105,covid,5
106,«за,5
107,слідчі,5
108,здоров’я,5
109,правопорушення,5
110,російські,5
111,результаті,5
112,калібру,5
113,встановили,5
114,охорони,5
115,українських,5
116,°,5
117,ігор,5
118,провадження,5
119,безпеки,5
120,штраф,5
121,травня,5
122,словами,5
123,минулого,5
124,отримати,5
125,останню,5
126,заступник,5
127,повідомила,5
128,вітер,5
129,читайте,5
130,телемедицини,5
131,україну,5
132,міністр,5
133,медичної,5
134,тіл,5
135,віком,4
136,міністрів,4
137,розповів,4
138,оборони,4
139,тіла,4
140,чоловіка,4
141,фсб,4
142,діти,4
143,виявили,4
144,числі,4
145,дій,4
146,суботу,4
147,припинення,4
148,проясненнями,4
149,°с,4
150,будинку,4
151,площі,4
152,пожежу,4
153,будівлі,4
154,відбудеться,4
155,пробне,4
156,дії,4
157,життя,4
158,речі,4
159,випадків,4
160,кримінальне,4
161,гаркуша,4
162,покарання,4
163,грози,4
164,лікарню,4
165,мають,4
166,цивільних,4
167,питань,4
168,голови,4
169,відео,4
170,виконання,4
171,пресцентр,4
172,перебуває,4
173,прокуратури,4
174,мешканець,4
175,встановлено,4
176,дощі,4
177,грн,4
178,підриву,4
179,надання,4
180,хмарно,4
181,крокодила,4
182,розслідування,4
183,період,4
184,лікарні,4
185,мирних,4
186,місця,4
187,російського,4
188,шквали,4
189,пориви,4
190,каховської,4
191,вогню,4
192,«у,4
193,оголосили,4
194,наразі,4
195,водій,4
196,умовах,4
197,нацполіції,4
198,бригади,4
199,батальйону,4
200,окремої,4
201,дтп,4
202,упц,4
203,ушкодження,4
204,ручних,4
205,двічі,4
206,нагороду,4
207,«,4
208,закладах,4
209,транспортного,4
210,засобу,4
211,систем,4
212,рибу,4
213,оперативнотактичного,4
214,угруповання,4
215,відділ,4
216,загарбники,4
217,російський,3
218,значні,3
219,офіс,3
220,вода,3
221,тварин,3
222,медичну,3
223,туман,3
224,відкрили,3
225,військ,3
226,вторгнення,3
227,загиблих,3
228,чол,3
229,ольга,3
230,чобіт,3
231,черемош,3
232,удару,3
233,змусили,3
234,день,3
235,компанії,3
236,частину,3
237,порушень,3
238,проводити,3
239,вчиненні,3
240,здорових,3
241,хмельницького,3
242,вбивство,3
243,пожежної,3
244,місцевої,3
245,викрадав,3
246,пресслужба,3
247,відбулося,3
248,вчинив,3
249,війні,3
250,представників,3
251,гривень,3
252,евтаназії,3
253,дівчаток,3
254,пункт,3
255,окупант,3
256,собак,3
257,удар,3
258,кажуть,3
259,керівника,3
260,зустрічі,3
261,голову,3
262,ворог,3
263,координації,3
264,законодавства,3
265,здоров’я”,3
266,громадян,3
267,транспортних,3
268,підствольних,3
269,зс,3
270,суді,3
271,керівниці,3
272,лічильники,3
273,тех,3
274,нагадуємо,3
275,пожежі,3
276,землю,3
277,потрапили,3
278,допомогою,3
279,самостійно,3
280,ої,3
281,працювали,3
282,сталася,3
283,мали,3
284,служби,3
285,внутрішніх,3
286,тимур,3
287,мав,3
288,підготовки,3
289,тарас,3
290,іванофранківська,3
291,мешканців,3
292,температура,3
293,мінометів,3
294,оос,3
295,рівень,3
296,формування,3
297,збройні,3
298,людини,3
299,місту,3
300,застосували,3
301,львову,3
302,захворювання,3
303,лмр,3
304,патрульна,3
305,лікуванні,3
306,повітря,3
307,пацієнтів,3
308,луганського,3
309,освіти,3
310,закладів,3
311,млн,3
312,населеного,3
313,боку,3
314,збройних,3
315,тисячі,3
316,намагався,3
317,дітям,3
318,іванофранківську,3
319,«айдар»,3
320,предмет,3
321,відділення,3
322,різних,3
323,зазначається,3
324,води,3
325,слабкий,3
326,дня,3
327,знищили,3
328,імені,3
329,ході,3
330,постанови,3
331,стану,3
332,противник,3
333,відкривав,3
334,україні»,3
335,пробного,3
336,об’єднаних,3
337,росії,3
338,контролю,3
339,річна,3
340,ввечері,3
341,«слава,3
342,жінка,3
343,гасло,3
344,пункти,3
345,двоє,3
346,кк,3
347,поліцію,3
348,справі,3
349,жителів,3
350,цивільного,3
351,перекидання,3
352,житловий,3
353,знищено,3
354,придбання,3
355,загинув,3
356,кінця,3
357,національного,3
358,будинок,3
359,місце,3
360,отримали,3
361,поліцейські,3
362,ботулізму,3
363,народження,3
364,місцевого,3
365,міського,3
366,працюють,3
367,повідомлення,3
368,фахівці,3
369,порушення,3
370,домашнього,3
371,надійшло,3
372,вживати,3
373,зокрема,3
374,вжитку,3
375,ткаченко,3
376,тілесне,3
377,в’ялену,3
378,виявлення,3
379,сп,3
380,андрій,3
381,позовом,2
382,судимість,2
383,проникав,2
384,майна,2
385,лавра,2
386,гранатомети,2
387,авдіївки,2
388,заповідника,2
389,підвальних,2
390,обстріляли,2
391,руху,2
392,правил,2
393,приміщень,2
394,багатоповерхівок,2
395,«північ»,2
396,мп,2
397,прокуратура,2
398,розвідки,2
399,києвопечерська,2
400,доби,2
401,поранення,2
402,неправомірної,2
403,закладу,2
404,вулицях,2
405,дворах,2
406,під’їздах,2
407,скверах,2
408,попередніми,2
409,невстановлених,2
410,місцях,2
411,передбачає,2
412,огляду,2
413,розвіддані,2
414,зустріч,2
415,знайшли,2
416,стихійних,2
417,ринках,2
418,районах,2
419,стані,2
420,площах,2
421,перебувала,2
422,погашену,2
423,торгівля,2
424,маючи,2
425,тілесні,2
426,щонайменше,2
427,російських,2
428,водяного,2
429,строк,2
430,затримала,2
431,ящиків,2
432,формувань,2
433,кількість,2
434,агента,2
435,виявлено,2
436,втрат,2
437,керуванням,2
438,захисників,2
439,впорався,2
440,окупованому,2
441,мінськими,2
442,міномети,2
443,квартирі,2
444,поверсі,2
445,вогнеборці,2
446,пам’ять,2
447,захисника,2
448,центр,2
449,квартири,2
450,наслідки,2
451,місті,2
452,власник,2
453,могилі,2
454,села,2
455,рятувальники,2
456,техніки,2
457,житловому,2
458,продуктами,2
459,шостому,2
460,засобами,2
461,вул,2
462,аеромобільної,2
463,десантноштурмових,2
464,рсзв,2
465,«ураган»,2
466,разом,2
467,підрозділом,2
468,здійснення,2
469,матеріальнотехнічного,2
470,забезпечення,2
471,моряків,2
472,рішення,2
473,здійснюють,2
474,родичів,2
475,новояворівськ,2
476,процес,2
477,дистанційно,2
478,героя,2
479,львівську,2
480,консерви,2
481,белей,2
482,особи,2
483,чеврня,2
484,стався,2
485,хмельницької,2
486,документів,2
487,причини,2
488,пресслужбі,2
489,українські,2
490,позиції,2
491,заборонених,2
492,фактично,2
493,домовленостями,2
494,держпродспоживслужби,2
495,політики,2
496,тяжке,2
497,«схід»,2
498,травму,2
499,виготовлення,2
500,завдання,2
501,департаменту,2
502,ворога,2
503,братських,2
504,мертвого,2
505,повністю,2
506,фейсбук,2
507,кв,2
508,пошкодив,2
509,місяців,2
510,мешканця,2
511,потерпілими,2
512,захищав,2
513,господарстві,2
514,аварій,2
515,зареєстрували,2
516,українського,2
517,ода,2
518,торгівлі,2
519,зрадник,2
520,випадку,2
521,арз,2
522,робіт,2
523,двома,2
524,державної,2
525,пожежнорятувальної,2
526,селища,2
527,кути,2
528,померли,2
529,оголошено,2
530,особа,2
531,лікар,2
532,відповідні,2
533,плр,2
534,методом,2
535,коронавірусу,2
536,троє,2
537,каховській,2
538,головне,2
539,хлопчик,2
540,річку,2
541,впав,2
542,дати,2
543,пістолет,2
544,проїзд,2
545,ракет,2
546,зупинили,2
547,розпочали,2
548,аварійнорятувальних,2
549,вдома,2
550,спеціальними,2
551,кубрак,2
552,купап,2
553,автори,2
554,сектор,2
555,законопроєкту,2
556,послизнувся,2
557,каміння,2
558,черкасах,2
559,центри,2
560,ксенія,2
561,циклону,2
562,фронтів,2
563,річки,2
564,атмосферних,2
565,вплив,2
566,визначатиме,2
567,жителі,2
568,бурченко,2
569,місцевих,2
570,отриманих,2
571,професор,2
572,телемедицину,2
573,приготування,2
574,поле,2
575,леонідович,2
576,окремого,2
577,штурмового,2
578,стаціонарному,2
579,князя,2
580,володимира,2
581,мономаха,2
582,богдан,2
583,дощ,2
584,тимура,2
585,манджосова,2
586,голова,2
587,національної,2
588,північнозахідний,2
589,опадів,2
590,істотних,2
591,засобів,2
592,ніч,2
593,“про,2
594,роки,2
595,трактора,2
596,зазначимо,2
597,перекинувся,2
598,проїзду,2
599,вулицею,2
600,чинного,2
601,вимог,2
602,вигоди,2
603,сайті,2
604,кабінету,2
605,грубе,2
606,маруняк,2
607,відділу,2
608,години,2
609,порушенням,2
610,воду,2
611,вулицю,2
612,затопило,2
613,противника,2
614,закарпатті,2
615,персоналу,2
616,львівщині,2
617,начальник,2
618,горів,2
619,позиціях,2
620,єдиному,2
621,український,2
622,захисник,2
623,помер,2
624,оперативно,2
625,промислового,2
626,першу,2
627,евтаназію,2
628,воїни,2
629,відповідь,2
630,посаду,2
631,конкурс,2
632,потрапила,2
633,найближчим,2
634,харчових,2
635,прикордонники,2
636,українську,2
637,сторону,2
638,дпсу,2
639,в’їзд,2
640,пропуску,2
641,авто,2
642,отруєнь,2
643,їхали,2
644,увімкненими,2
645,реабілітаційної,2
646,притулку,2
647,автомобіля,2
648,воєнного,2
649,виникнення,2
650,часом,2
651,зафіксовано,2
652,утриматися,2
653,режиму,2
654,автоматичних,2
655,тижні,2
656,обстріл,2
657,загибель,2
658,негайно,2
659,лабораторного,2
660,захворювань,2
661,ворожого,2
662,криму,2
663,українців,2
664,повномасштабного,2
665,ризик,2
666,свіжовиловленої,2
667,вживання,2
668,вступному,2
669,завтра,2
670,важкі,2
671,витримує,2
672,реабілітацію,2
673,проходив,2
674,сіл,2
675,козицький,2
676,бродівщини,2
677,катували,2
678,жорстоко,2
679,максим,2
680,пострілами,2
681,адміністрації,2
682,військової,2
683,українцям,2
684,роботу,2
685,зберігання,2
686,оон,2
687,залишилися,2
688,організацій,2
689,гуманітарних,2
690,річною,2
691,завдав,2
692,залишився,2
693,закон,2
694,ножем,2
695,шевченка,2
696,міжнародних,2
697,інцидент,2
698,жінку,2
699,офісу,2
700,львівський,2
701,викрили,2
702,скаржиться,2
703,відправили»,2
704,дурку,2
705,їде,2
706,прав,2
707,військового,2
708,син,2
709,уникнути,2
710,можливих,2
711,робота,2
712,дах,2
713,пацанів,2
714,застосування,2
715,головним,2
716,начальника,2
717,підозру,2
718,законодавством,2
719,вчинення,2
720,розгляд,2
721,мобільний,2
722,справи,2
723,психіка,2
724,підписав,2
725,навчання,2
726,закінчив,2
727,коментарі,2
728,небезпеку,2
729,зброєю,2
730,хлопець,2
731,ліцеїст,2
732,днів,2
733,«facebook»,2
734,генштаб,2
735,полонених,2
736,південносхідний,2
737,виписано,2
738,вітру,2
739,поранених,2
740,перешкоди,2
741,місцями,2
742,обласної,2
743,водночас,2
744,загарбник,2
745,закликають,2
746,бойні,2
747,кореспондент,2
748,підтверджено,2
749,перебування,2
750,бригад,2
751,парку,2
752,результатами,2
753,утилізують,2
754,минулу,2
755,саджанців,2
756,свиней,2
757,рештки,2
758,міськраді,2
759,криворізького,2
760,руках,2
761,загоряння,2
762,схожий,2
763,опори,2
764,швидкої,2
765,вилучено,2
766,тролейбусів,2
767,розстрілювати,2
768,майданчику,2
769,дитячому,2
770,вперше,2
771,фосфорні,2
772,війни,2
773,дерев,2
774,винним,2
775,бомби,2
776,передбачене,2
777,сході,2
778,термін,2
779,неможливо,2
780,транспорту,2
781,передбаченого,2
782,умисне,2
783,призначено,2
784,військовофізичною,2
785,посиленою,2
786,медична,2
787,ліцеюінтернату,2
788,військових,2
789,телефон,2
790,дрогобича,2
791,судимий,2
792,постанову,2
793,службу»,2
794,має,2
795,обстеження,2
796,військовій,2
797,виробництва,2
798,корисливі,2
799,львів’янина,2
800,суму,2
801,повернення,2
802,зловмисника,2
803,кабінет,2
804,ступеня,2
805,ііі,2
806,мужність»,2
807,метою,2
808,постраждалих,2
809,здобувачами,2
810,відвідування,2
811,займався,2
812,постраждали,2
813,чоловікові,2
814,зміни,2
815,натомість,2
816,дружина,2
817,брифінгу,2
818,слідство,2
819,генпрокурора,2
820,з’явитися,2
821,гі,2
822,карантину,2
823,техніку,2
824,кабміну,2
825,олігарху,2
826,належить,2
827,свідчать,2
828,заборонено,2
829,кіпрські,2
830,кошти,2
831,матеріали,2
832,формі,2
833,олігарх,2
834,стати,2
835,вартою,2
836,громади,2
837,сб,2
838,атестації,2
839,співробітники,2
840,військові,2
841,виявився,2
842,орденом,2
843,спецслужби,2
844,зеленський,2
845,житло,2
846,доказами,1
847,коригування,1
848,базування,1
849,конспірації,1
850,ліквідували,1
851,звернувся,1
852,дерев’яній,1
853,теракту,1
854,комп’ютер,1
855,почутого,1
856,батьку,1
857,розповіли,1
858,розпусні,1
859,«правоохоронці,1
860,загалом,1
861,телемедицина,1
862,приховано,1
863,травмованих,1
864,спостерігав,1
865,уряді,1
866,брюховичі,1
867,переселенця,1
868,«львівгаз»,1
869,лікарні»,1
870,виготовлена,1
871,діяльності,1
872,злочинної,1
873,швидка,1
874,перебувають,1
875,агент,1
876,допомога,1
877,рідному,1
878,розповіла,1
879,господарській,1
880,автомобілів,1
881,врегульовано,1
882,законопроєкт,1
883,акаунтів,1
884,об’їзд,1
885,безпечною,1
886,домашніх,1
887,агресору,1
888,кооперативами,1
889,прилеглу,1
890,наступного,1
891,функціонування,1
892,дачними,1
893,передавав,1
894,купуючи,1
895,схвалив,1
896,місцем,1
897,анонімних,1
898,президента,1
899,затриманого,1
900,«телеграм»,1
901,регулювала,1
902,парламенту,1
903,солену,1
904,появи,1
905,перекрито,1
906,зеленського,1
907,проживання,1
908,жалоби,1
909,населений,1
910,передати,1
911,створив,1
912,сушену,1
913,обшуку,1
914,зловмисник,1
915,органів,1
916,камер,1
917,відеодокази,1
918,родина,1
919,розвозилась,1
920,молода,1
921,розпусних,1
922,симптомів,1
923,поверхами,1
924,потерпілих,1
925,другим,1
926,кку,1
927,першим,1
928,перекриття,1
929,статевих,1
930,доторканні,1
931,поверхи,1
932,виражалось,1
933,паразитів,1
934,«одна,1
935,«тсн»,1
936,інфекційних,1
937,літня,1
938,небезпечні,1
939,райуправління,1
940,відправляли,1
941,потерпілим,1
942,бутильовану,1
943,теракт,1
944,зберігали,1
945,складській,1
946,ракету,1
947,кривдником,1
948,спостереження»,1
949,запустили,1
950,годин»,1
951,хімічні,1
952,«тут,1
953,працювало,1
954,цілодобовому,1
955,розповсюдження,1
956,ідентифікуємо,1
957,наркотиків,1
958,режимі,1
959,приблизно,1
960,куточки,1
961,слід,1
962,містити,1
963,водія,1
964,смажена,1
965,варена,1
966,армія,1
967,терористична,1
968,російська,1
969,ув’язнення,1
970,довічне,1
971,зловмиснику,1
972,купувати,1
973,розбещення,1
974,пожежа,1
975,речовини,1
976,сушена,1
977,вчинена,1
978,зрада,1
979,копчену,1
980,солена,1
981,державна,1
982,солону,1
983,малолітніх,1
984,обстріляла,1
985,пристрасті,1
986,ракетами,1
987,статевої,1
988,держави,1
989,убезпечити,1
990,херсонську,1
991,малолітньої,1
992,власної,1
993,область,1
994,задоволення,1
995,водою,1
996,бутильованою,1
997,склад,1
998,атакували,1
999,терористи,1
1000,влучила,1
1001,підозрюваному,1
1002,восьми,1
1003,збудники,1
1004,ріг,1
1005,кривий,1
1006,п’яного,1
1007,місто,1
1008,фізичне,1
1009,профілактики,1
1010,місцевість,1
1011,юрій,1
1012,гуманітарну,1
1013,підозрі,1
1014,«прощання,1
1015,сєвєродонецького,1
1016,діброва,1
1017,соціальноправовий,1
1018,найменшій,1
1019,захист,1
1020,наголосив,1
1021,бойового,1
1022,поліг,1
1023,ключовим,1
1024,петрович,1
1025,питанням,1
1026,терміну,1
1027,назарій,1
1028,переселених,1
1029,вересня,1
1030,стрілець,1
1031,планується,1
1032,раді,1
1033,міській,1
1034,придатності,1
1035,бажано,1
1036,бродівській,1
1037,очного,1
1038,школах,1
1039,більшості,1
1040,назар,1
1041,захисником,1
1042,глушин,1
1043,комплекс,1
1044,автобусі,1
1045,наявність,1
1046,дівчина,1
1047,обличчя,1
1048,завдавши,1
1049,зробив,1
1050,недоброякісність,1
1051,спричинила,1
1052,джеймс,1
1053,невідома,1
1054,личаківській,1
1055,везерілл,1
1056,маркування,1
1057,зазначенням,1
1058,маршрутному,1
1059,віддаємо,1
1060,поширюватиметься,1
1061,рівненську,1
1062,волинську,1
1063,закарпатську,1
1064,мешканка,1
1065,звернулась,1
1066,белею»,1
1067,відкривають,1
1068,назарію,1
1069,підтримують,1
1070,шану,1
1071,збільшити,1
1072,боєць,1
1073,розміщені,1
1074,луганщині,1
1075,відповідне,1
1076,заправляли,1
1077,польових,1
1078,оголосив,1
1079,машинами,1
1080,бм,1
1081,розроблена,1
1082,батареї,1
1083,збір,1
1084,знищення,1
1085,дшв,1
1086,проведенням,1
1087,артилерії,1
1088,«ефективне,1
1089,опублікувавши,1
1090,військову,1
1091,командування,1
1092,повідомило,1
1093,свідчень,1
1094,російськоукраїнську,1
1095,війну,1
1096,зберігатися,1
1097,батарею,1
1098,підірвали,1
1099,постійно,1
1100,урахуванням,1
1101,фонді,1
1102,поколінь,1
1103,архіву,1
1104,обслуговували,1
1105,львівщини,1
1106,тероборонівців,1
1107,мінімум,1
1108,спецнавчання,1
1109,тривають,1
1110,показали,1
1111,генштабі,1
1112,автокран,1
1113,технологія,1
1114,«урагани»,1
1115,одиниць,1
1116,переселенці,1
1117,вживайте,1
1118,рецептура,1
1119,знищених,1
1120,окремо,1
1121,стоїть,1
1122,відповідного,1
1123,питання,1
1124,психологічної,1
1125,помітно,1
1126,людям,1
1127,демонструються,1
1128,ролик,1
1129,перш,1
1130,прикріпили,1
1131,посту,1
1132,держархів,1
1133,командуванні,1
1134,написали,1
1135,техніку»,1
1136,отримала,1
1137,брови,1
1138,умови,1
1139,складу,1
1140,«винагороду»,1
1141,грошову,1
1142,«куратора»,1
1143,майбутніх,1
1144,отримував,1
1145,розвідниками,1
1146,територіальна,1
1147,виконане,1
1148,оборона,1
1149,фронт,1
1150,можливого,1
1151,готуються,1
1152,особового,1
1153,транспортувати,1
1154,орієнтовну,1
1155,встановити,1
1156,насамперед,1
1157,підрозділи,1
1158,підготовку,1
1159,тренувальні,1
1160,полігони,1
1161,інформації,1
1162,здобуття,1
1163,завданням,1
1164,основним,1
1165,новомосковська,1
1166,кам’янського,1
1167,надходила,1
1168,банківську,1
1169,проводилось,1
1170,тероборони,1
1171,виходив,1
1172,добуш,1
1173,завдань,1
1174,телеграмканалів,1
1175,прокремлівських,1
1176,отруєнням,1
1177,антиукраїнські,1
1178,розвідників,1
1179,неодноразові,1
1180,потрапив,1
1181,агресора,1
1182,зору,1
1183,«геральт»,1
1184,псевдонім,1
1185,картку,1
1186,ризиковано,1
1187,оперативний,1
1188,вчили,1
1189,форсувати,1
1190,спецслужбою,1
1191,завербований,1
1192,водні,1
1193,місяці,1
1194,житель,1
1195,поплічником,1
1196,ворожим,1
1197,фігуранта,1
1198,евакуювати,1
1199,дніпра,1
1200,звертайте,1
1201,керівництвом,1
1202,легке,1
1203,громадські,1
1204,зовнішній,1
1205,доходів,1
1206,мінімумів,1
1207,здутих,1
1208,неоподатковуваних,1
1209,вигляд,1
1210,пятдесяти,1
1211,бомбажних,1
1212,продукцію,1
1213,покращити,1
1214,гуманітарної,1
1215,жінці,1
1216,районного,1
1217,двохсот,1
1218,заяву,1
1219,львівського,1
1220,жителька,1
1221,використовувати,1
1222,причетна,1
1223,відкриття,1
1224,злочину,1
1225,ушкоджень,1
1226,тілесних,1
1227,легких,1
1228,відноситься,1
1229,травма,1
1230,відкрити,1
1231,годин,1
1232,дислокації,1
1233,способами,1
1234,тактикоспеціальне,1
1235,навчання»,1
1236,збирав,1
1237,вказівкою,1
1238,контрнаступу,1
1239,центрами,1
1240,шпигував,1
1241,генштабу,1
1242,відпрацьовувались,1
1243,форсування,1
1244,водної,1
1245,різними,1
1246,спецслужбі,1
1247,евакуації,1
1248,увагу,1
1249,банок,1
1250,водойму,1
1251,транспортування,1
1252,дніпропетровщині,1
1253,контрдиверсійних,1
1254,базовий,1
1255,табір,1
1256,дозвіл,1
1257,тро,1
1258,зони,1
1259,бойових,1
1260,планують,1
1261,виправні,1
1262,«впродовж,1
1263,екстрену,1
1264,технологій,1
1265,освіту,1
1266,нагороджений,1
1267,поперше,1
1268,нагрудними,1
1269,знаками,1
1270,зразкову,1
1271,взірцевість,1
1272,затока,1
1273,балабинська,1
1274,явищ,1
1275,службі»,1
1276,задухових,1
1277,спостерігати,1
1278,“якщо,1
1279,оборону,1
1280,донецького,1
1281,аеропорту»,1
1282,наталею,1
1283,новояворівчанкою,1
1284,одружився,1
1285,хортиця,1
1286,кременчуцькому,1
1287,професійнотехнічному,1
1288,училищі,1
1289,теперішній,1
1290,служив,1
1291,розвідникомснайпером,1
1292,сержантомінструктором,1
1293,сержантом,1
1294,аеропорт,1
1295,острова,1
1296,командиром,1
1297,взводу,1
1298,озера,1
1299,кіборгом,1
1300,донецький,1
1301,роках,1
1302,відзначений,1
1303,почесним,1
1304,хороший,1
1305,вчитель,1
1306,лідер,1
1307,дамби,1
1308,говорять,1
1309,побратими,1
1310,тетяна,1
1311,рідної,1
1312,миколаївна,1
1313,дніпрі,1
1314,наталія,1
1315,місячна,1
1316,донька,1
1317,емілія,1
1318,землі,1
1319,спільній,1
1320,нагрудним,1
1321,захищати,1
1322,знаком,1
1323,головнокомандувача,1
1324,поступово,1
1325,«сталевий,1
1326,хрест»,1
1327,початком,1
1328,продовжував,1
1329,складі,1
1330,відданий,1
1331,десантноштурмової,1
1332,обірвалося,1
1333,«відважний,1
1334,мудрий,1
1335,товариський,1
1336,знижувався,1
1337,здобув,1
1338,професійну,1
1339,застосовують,1
1340,школу,1
1341,покластися,1
1342,відносився,1
1343,відповідально,1
1344,виконував,1
1345,бойові,1
1346,завдання»,1
1347,сергій,1
1348,слова,1
1349,дружини,1
1350,ова,1
1351,наталії,1
1352,висловлюємо,1
1353,щирі,1
1354,співчуття,1
1355,рідним,1
1356,близьким,1
1357,побратимам,1
1358,карпій,1
1359,хлопцям,1
1360,повязано,1
1361,донеччині,1
1362,новояворівська,1
1363,міська,1
1364,рада,1
1365,українській,1
1366,«тарас,1
1367,любив,1
1368,автомобілями,1
1369,відмовив,1
1370,добрим,1
1371,господарем,1
1372,казала,1
1373,проста,1
1374,нудною,1
1375,зможе,1
1376,опорою,1
1377,загиблого,1
1378,запорізької,1
1379,шана,1
1380,довідка,1
1381,сввапппетра,1
1382,павла,1
1383,мновояворівськ,1
1384,поховають,1
1385,бійця,1
1386,цвинтарі,1
1387,коротка,1
1388,рябуха,1
1389,похорону,1
1390,ухвалене,1
1391,михайлович,1
1392,народився,1
1393,березня,1
1394,байдаково,1
1395,кіровоградської,1
1396,омельницьку,1
1397,храмі,1
1398,чин,1
1399,герою,1
1400,довкілля,1
1401,молитовна,1
1402,директор,1
1403,зазначив,1
1404,замору”,1
1405,упередження,1
1406,біоресурсів,1
1407,водних,1
1408,прощання,1
1409,вʼїзді,1
1410,автостанції,1
1411,адресою,1
1412,ів,1
1413,вилову,1
1414,меліоративного,1
1415,франка,1
1416,брат,1
1417,роман,1
1418,тиждень,1
1419,супроводжуватись,1
1420,символом,1
1421,сили,1
1422,незламності,1
1423,працівниками,1
1424,народу,1
1425,минуло,1
1426,місяця,1
1427,посадки,1
1428,вандали»,1
1429,зеленого,1
1430,господарства,1
1431,поліцією,1
1432,відновлюють,1
1433,проведуть,1
1434,висадку,1
1435,додаткових,1
1436,свідків,1
1437,документувати,1
1438,могутнім,1
1439,майбутньому,1
1440,водоймам,1
1441,обласний,1
1442,кушугумську,1
1443,долинську,1
1444,вкрали,1
1445,біленьківську,1
1446,понищили,1
1447,запоріжжя,1
1448,«молоді,1
1449,наливайка,1
1450,саджанці,1
1451,мор,1
1452,дуба,1
1453,області”,1
1454,херсонської,1
1455,висаджені,1
1456,комунальниками,1
1457,вандалізму,1
1458,просять,1
1459,взялися,1
1460,осель,1
1461,відновленню,1
1462,підлягає,1
1463,держава,1
1464,відбудовуватиме,1
1465,газовики,1
1466,енергетики,1
1467,“тільки,1
1468,підготували,1
1469,тсн,1
1470,зараження,1
1471,відновлювати,1
1472,небезпеки,1
1473,санітарні,1
1474,комунальні,1
1475,послуги,1
1476,херсоні,1
1477,групи,1
1478,іти,1
1479,саперів,1
1480,повідомляти,1
1481,херсонщині,1
1482,збирання,1
1483,сміття,1
1484,мулу,1
1485,територіях,1
1486,зійшла,1
1487,завезли,1
1488,почнуться,1
1489,заявив,1
1490,повені,1
1491,почали,1
1492,підраховувати,1
1493,збитки,1
1494,зясовують,1
1495,запорізькі,1
1496,поламали,1
1497,посадовці,1
1498,переважатиме,1
1499,півдня,1
1500,призведе,1
1501,незначного,1
1502,підвищеннятемператури,1
1503,нічної,1
1504,денної,1
1505,плавні,1
1506,південносхідного,1
1507,обласній,1
1508,напрямку,1
1509,перевіряють,1
1510,помірного,1
1511,видимість,1
1512,щодня,1
1513,погіршуватиметься,1
1514,тумани,1
1515,хортиці,1
1516,мас,1
1517,окремих,1
1518,поо,1
1519,прохолодною,1
1520,дощовою,1
1521,погодою,1
1522,повязаною,1
1523,утворення,1
1524,висотного,1
1525,польщею,1
1526,гідрометцентр,1
1527,повітряних,1
1528,тижня,1
1529,фіксують,1
1530,очікується,1
1531,надходження,1
1532,мору,1
1533,теплих,1
1534,опади,1
1535,ділянках,1
1536,заявили,1
1537,дерева,1
1538,вологість,1
1539,зменшиться,1
1540,зеленому,1
1541,вандали,1
1542,закладеному,1
1543,нескорених,1
1544,висадили,1
1545,падатиме,1
1546,закатованих,1
1547,акваторії,1
1548,міліють,1
1549,катастрофічні,1
1550,ізюмі,1
1551,екології,1
1552,невідомі,1
1553,відносна,1
1554,“великий,1
1555,доріг,1
1556,видимості,1
1557,вулиць,1
1558,погоду,1
1559,південного,1
1560,заходу,1
1561,короткочасні,1
1562,непідконтрольні,1
1563,короткочасний,1
1564,територій,1
1565,луг”,1
1566,провести,1
1567,опадах,1
1568,василівському,1
1569,розташованого,1
1570,тумані,1
1571,атмосферний,1
1572,тиск,1
1573,рябухи,1
1574,батька,1
1575,люблячого,1
1576,спостерігається,1
1577,переглянути,1
1578,пандемія,1
1579,повномасштабне,1
1580,руйнації,1
1581,продовольства,1
1582,втратили,1
1583,можливість,1
1584,пропонують,1
1585,внести,1
1586,законів,1
1587,“основи,1
1588,аграрної,1
1589,охорону,1
1590,сфері,1
1591,допомогу”,1
1592,документі,1
1593,підхід,1
1594,регіональні,1
1595,областях,1
1596,схваленого,1
1597,споживання,1
1598,переробці,1
1599,допомагати,1
1600,пацієнтам,1
1601,пояснювальній,1
1602,обсягах,1
1603,записці,1
1604,урядом,1
1605,комплексів,1
1606,великих,1
1607,зазначають,1
1608,первинної,1
1609,чотирьох,1
1610,мобільних,1
1611,телемедичних,1
1612,апаратнодіагностичних,1
1613,визначають,1
1614,основні,1
1615,поняття,1
1616,лікування,1
1617,республіки,1
1618,білорусь,1
1619,радять,1
1620,спричинить,1
1621,смертельну,1
1622,хворобу,1
1623,доступу,1
1624,хронічних,1
1625,становлять,1
1626,пятницю,1
1627,завершилось,1
1628,службове,1
1629,споживати,1
1630,масову,1
1631,довели,1
1632,вину,1
1633,громадяни,1
1634,виняток,1
1635,міністерстві,1
1636,ухвалив,1
1637,наприклад,1
1638,“телемедицина”,1
1639,“електронна,1
1640,охорона,1
1641,“телереабілітація”,1
1642,парламент,1
1643,підвищення,1
1644,реабілітації,1
1645,доступності,1
1646,згідно,1
1647,застосуванням,1
1648,залучати,1
1649,іноземних,1
1650,медпрацівників,1
1651,фахівців,1
1652,спричинити,1
1653,технології,1
1654,телемедичні,1
1655,впровадженням,1
1656,незалежній,1
1657,створили,1
1658,наражайтеся,1
1659,спеціалізований,1
1660,дніпро,1
1661,заклад,1
1662,розвитком,1
1663,інститут,1
1664,затвердили,1
1665,басейну,1
1666,регіонах,1
1667,херсонській,1
1668,законодавчому,1
1669,рівні,1
1670,патології,1
1671,метрів,1
1672,прикладів,1
1673,мар’ян,1
1674,зменшити,1
1675,відстань,1
1676,зробить,1
1677,пацієнта,1
1678,лікарями,1
1679,теренах,1
1680,франке,1
1681,серця,1
1682,вітольд,1
1683,липинський,1
1684,організували,1
1685,передавання,1
1686,результатів,1
1687,обстежень,1
1688,способів,1
1689,інформаційна,1
1690,нсзу,1
1691,пацієнт,1
1692,зручним,1
1693,засобом,1
1694,зв’язку,1
1695,результати,1
1696,домовитись,1
1697,відеоконсультацію,1
1698,відеоконсультації,1
1699,рекомендації,1
1700,пристрою,1
1701,характеристику,1
1702,консультації,1
1703,скласти,1
1704,призначення,1
1705,надіслати,1
1706,пацієнту”,1
1707,пояснювали,1
1708,сповістити,1
1709,крові,1
1710,система,1
1711,їжу,1
1712,медичний,1
1713,портал,1
1714,helsi,1
1715,“зазвичай,1
1716,пацієнти,1
1717,діагнозом,1
1718,цукровий,1
1719,рекомендуємо,1
1720,аналіз,1
1721,діабет,1
1722,смертельного,1
1723,випадках,1
1724,небезпечного,1
1725,глюкометр,1
1726,проаналізувавши,1
1727,колишньої,1
1728,олени,1
1729,обірвала,1
1730,спостерігають,1
1731,києва,1
1732,господарському,1
1733,тривало,1
1734,«крим,1
1735,реалії»,1
1736,святкування,1
1737,«дня,1
1738,росії»,1
1739,центральній,1
1740,частині,1
1741,проспекті,1
1742,жовтневої,1
1743,революції,1
1744,вигукувала,1
1745,перехожі,1
1746,відповідали,1
1747,«героям,1
1748,чоловічого,1
1749,жительку,1
1750,місцеву,1
1751,необхідний,1
1752,майбутнього,1
1753,потенціалом,1
1754,досвідом,1
1755,зявилися,1
1756,засідання,1
1757,емпатійністю,1
1758,любов’ю,1
1759,англійської,1
1760,силовики,1
1761,провели,1
1762,пятниці,1
1763,евтаназували,1
1764,тимчасово,1
1765,монастиря,1
1766,відсутністю,1
1767,севастополі,1
1768,слава»,1
1769,змі,1
1770,жителем,1
1771,пости,1
1772,звучало,1
1773,приморському,1
1774,бульварі,1
1775,богослужіння,1
1776,патріархату,1
1777,московського,1
1778,проходили,1
1779,перепросити,1
1780,лаврі,1
1781,камеру,1
1782,тис,1
1783,дискредитацію,1
1784,армії,1
1785,церкві,1
1786,православній,1
1787,війна,1
1788,києвопечерській,1
1789,кримреалії,1
1790,зацікавилися,1
1791,державі»,1
1792,затримання,1
1793,зявилося,1
1794,вибаченнями,1
1795,«порушниці»,1
1796,рублів,1
1797,слухання,1
1798,написав,1
1799,лаври,1
1800,культури,1
1801,спостереженнями,1
1802,києвопечерської,1
1803,перемогу,1
1804,вірю,1
1805,«маємо,1
1806,інформаційної,1
1807,кореспондента,1
1808,вимоги,1
1809,розвиток,1
1810,бачу,1
1811,головний,1
1812,проводиться,1
1813,зібрати,1
1814,консиліум,1
1815,ветеринарів,1
1816,встановив,1
1817,підставу,1
1818,консиліуму,1
1819,ініціювати,1
1820,позовних,1
1821,зібрання,1
1822,пояснення,1
1823,кінолога,1
1824,позитивного,1
1825,заключення,1
1826,необхідно,1
1827,робити,1
1828,задоволенні,1
1829,обов’язків,1
1830,процедуру,1
1831,заступниці,1
1832,іващенко,1
1833,ярослава,1
1834,мухи,1
1835,звільнили,1
1836,москаленко,1
1837,»,1
1838,екологи,1
1839,житловокомунальних,1
1840,ірини,1
1841,відбулось,1
1842,обовязків,1
1843,неналежний,1
1844,контроль,1
1845,неналежне,1
1846,окупантами,1
1847,«керівниця,1
1848,«як,1
1849,перенести,1
1850,стандартний,1
1851,підбору,1
1852,з’явиться,1
1853,клопотання,1
1854,оголошення,1
1855,відхилив,1
1856,резюме,1
1857,відбиратимуть,1
1858,раду,1
1859,просили,1
1860,експертами,1
1861,кандидат,1
1862,мусить,1
1863,представити,1
1864,презентацію,1
1865,проводитиме,1
1866,експертну,1
1867,пояснила,1
1868,українським,1
1869,незнанням,1
1870,поклалася,1
1871,думку,1
1872,лікаря»,1
1873,додала,1
1874,ірина,1
1875,відмову,1
1876,передбачено,1
1877,створять,1
1878,відкритий,1
1879,прийняв,1
1880,начальниця,1
1881,дослідивши,1
1882,лілія,1
1883,савич,1
1884,необґрунтованість,1
1885,сторонніх,1
1886,представниками,1
1887,скориставшись,1
1888,іноземної,1
1889,підсумковій,1
1890,зовнішнього,1
1891,незалежного,1
1892,оцінювання,1
1893,вступних,1
1894,випробуваннях,1
1895,іспиті,1
1896,мови,1
1897,оцінюванні,1
1898,фаховому,1
1899,випробуванні,1
1900,тестових,1
1901,екзаменів,1
1902,ліцензійних,1
1903,інтегрованих,1
1904,іспитів,1
1905,державній,1
1906,незалежному,1
1907,максима,1
1908,встановлення,1
1909,степанов,1
1910,«було,1
1911,скасовано,1
1912,передбачалося,1
1913,року»,1
1914,постановою,1
1915,внесено,1
1916,передбачають,1
1917,зовнішньому,1
1918,підпункті,1
1919,забороняє,1
1920,ряду,1
1921,слово,1
1922,«пробному»,1
1923,участі,1
1924,»крок«,1
1925,підтвердження,1
1926,кваліфікації,1
1927,колінчастого,1
1928,вибивався,1
1929,густий,1
1930,чорний,1
1931,дим,1
1932,знаходився,1
1933,покинути,1
1934,помешкання,1
1935,автопідіймача,1
1936,членів,1
1937,квартиру,1
1938,віднайшли,1
1939,власника,1
1940,спустили,1
1941,передали,1
1942,медикам,1
1943,отруєння,1
1944,вікон,1
1945,оперативнокоординаційний,1
1946,частин,1
1947,пожежнорятувальних,1
1948,екіпажів,1
1949,торговельних,1
1950,суден,1
1951,плавання,1
1952,внутрішніми,1
1953,водними,1
1954,шляхами,1
1955,судноводіїв,1
1956,малихмаломірних,1
1957,суден»,1
1958,порятунку,1
1959,тролейбусна,1
1960,дев’ятиповерхового,1
1961,житлового,1
1962,державних,1
1963,степанова,1
1964,міністра,1
1965,госпіталізований,1
1966,уламків,1
1967,юнака,1
1968,вибухівка,1
1969,рвонула,1
1970,заслонив,1
1971,смертоносних,1
1972,металевих,1
1973,якомога,1
1974,сашку,1
1975,живими,1
1976,зазнав,1
1977,важких,1
1978,поранень,1
1979,травмувань,1
1980,перебував,1
1981,відкинути,1
1982,посиланням,1
1983,неповнолітніх,1
1984,побачив,1
1985,гралися,1
1986,малюки,1
1987,підпалили,1
1988,боєприпас,1
1989,невідомо,1
1990,опинився,1
1991,палала,1
1992,булорічний,1
1993,швидко,1
1994,зреагував,1
1995,відразу,1
1996,кинувся,1
1997,схопив,1
1998,«знахідку»,1
1999,реанімації,1
2000,переніс,1
2001,операцій,1
2002,сашка,1
2003,готується,1
2004,вступу,1
2005,вишів,1
2006,міністерства,1
2007,мріє,1
2008,офіцером,1
2009,днями,1
2010,надійшла,1
2011,лікувався,1
2012,добра,1
2013,звістка,1
2014,президент,1
2015,нагородив,1
2016,скасував,1
2017,планувалося,1
2018,«уп»,1
2019,наполегливо,1
2020,нині,1
2021,ветерана,1
2022,травми,1
2023,тривале,1
2024,відновлення,1
2025,успішно,1
2026,ліцеїінтернаті,1
2027,підготовкою–,1
2028,пишаємось,1
2029,вихованцем,1
2030,сміливим,1
2031,вчинком,1
2032,виховної,1
2033,полковник,1
2034,супрун,1
2035,юнак,1
2036,горіння,1
2037,обласну,1
2038,магазину,1
2039,рейдів,1
2040,стихійної,1
2041,складаємо,1
2042,протоколи,1
2043,скеровуємо,1
2044,суду,1
2045,виписує,1
2046,штраф»,1
2047,«муніципальна,1
2048,посилених,1
2049,варта»,1
2050,сисак,1
2051,черговий,1
2052,пищевик,1
2053,обстрілу,1
2054,кульове,1
2055,карантинних,1
2056,товар,1
2057,поточну,1
2058,глмл,1
2059,рук»,1
2060,адміністративну,1
2061,відповідальність,1
2062,продавців,1
2063,повідмоляє,1
2064,гаряча,1
2065,лінія,1
2066,містян,1
2067,вилучаємо,1
2068,застерігають,1
2069,продукти,1
2070,придбані,1
2071,небезпечними,1
2072,пандемії«ми,1
2073,проводимо,1
2074,рейди,1
2075,воїну,1
2076,надали,1
2077,евакуювали,1
2078,з’явилася,1
2079,складно,1
2080,проїхати,1
2081,радість,1
2082,бігають,1
2083,водіgallery,1
2084,«file»,1
2085,ids«»,1
2086,новина,1
2087,лікувального,1
2088,внесення,1
2089,змін,1
2090,підпунктом,1
2091,уцояо,1
2092,приходити,1
2093,відповідальних,1
2094,полагодити,1
2095,намагаються,1
2096,двигуном,1
2097,проблеми,1
2098,дали,1
2099,збройним,1
2100,формуванням,1
2101,адекватну,1
2102,втрати,1
2103,уточнюються,1
2104,школи,1
2105,науковій,1
2106,площею,1
2107,колектори,1
2108,приймають,1
2109,вибивається,1
2110,сусідніх,1
2111,люків,1
2112,водіїв,1
2113,«з,1
2114,активності,1
2115,клінічну,1
2116,найменше,1
2117,автопригод,1
2118,травмувалося,1
2119,дорожньотранспортних,1
2120,пригод,1
2121,травмувалися,1
2122,стається,1
2123,п’ятницю,1
2124,вівторок,1
2125,цифра,1
2126,разів,1
2127,порушили,1
2128,режим,1
2129,обстріляв,1
2130,калібрів,1
2131,широкиного,1
2132,верхньоторецького,1
2133,зросла,1
2134,квітнем,1
2135,подальшої,1
2136,вдалось,1
2137,вивели,1
2138,задимлених,1
2139,помешкань,1
2140,вийти,1
2141,свіже,1
2142,вогнеборцям,1
2143,локалізувати,1
2144,порівнянні,1
2145,ліквідувати,1
2146,знищив,1
2147,сталося,1
2148,періоду,1
2149,травні,1
2150,мар’їнки,1
2151,агресор,1
2152,задіяв,1
2153,славне,1
2154,військовослужбовці,1
2155,поранили,1
2156,загарбників,1
2157,поточної,1
2158,опорні,1
2159,захисниках,1
2160,великокаліберні,1
2161,випустив,1
2162,снарядів,1
2163,артилерійських,1
2164,оборонці,1
2165,вжили,1
2166,вичерпних,1
2167,відмовилися,1
2168,військовослужбовець,1
2169,обстрілів,1
2170,ворожих,1
2171,зброю,1
2172,кулемети,1
2173,оборонні,1
2174,укріплення,1
2175,підступах,1
2176,опорних,1
2177,пунктах,1
2178,воїнів,1
2179,рази,1
2180,населеним,1
2181,пунктом,1
2182,кримське,1
2183,автоматичні,1
2184,станкові,1
2185,стрілецьку,1
2186,п’ятьох,1
2187,врятував,1
2188,підготовкою,1
2189,hiace»,1
2190,психологи,1
2191,км,1
2192,автодороги,1
2193,«одеса–мелітополь–новоазовськ»,1
2194,половинки,1
2195,березанського,1
2196,мікроавтобусу,1
2197,допустив,1
2198,втікачів,1
2199,четверо,1
2200,пасажирів,1
2201,доправлені,1
2202,медичного,1
2203,миколаївській,1
2204,подію,1
2205,внесені,1
2206,розшукали,1
2207,дитячого,1
2208,точно»,1
2209,запевнила,1
2210,секретар,1
2211,сільради,1
2212,втекли,1
2213,залізничного,1
2214,вихованців,1
2215,хлопці,1
2216,мешканці,1
2217,закарпаття,1
2218,розшук,1
2219,інформацію,1
2220,єрдр,1
2221,ознаками,1
2222,«порушення,1
2223,дерев’яної,1
2224,інформацією,1
2225,одноповерховому,1
2226,критому,1
2227,металопрофілем,1
2228,веранду,1
2229,стіну,1
2230,розташованої,1
2231,господарської,1
2232,дорожнього,1
2233,критої,1
2234,шифером,1
2235,пошкоджено,1
2236,коридор,1
2237,кімнати,1
2238,кімнату,1
2239,грунту,1
2240,зсув,1
2241,дощів,1
2242,турківському,1
2243,експлуатації,1
2244,особами,1
2245,керують,1
2246,транспортними,1
2247,спричинили,1
2248,смерть,1
2249,заподіяли,1
2250,ушкодження»,1
2251,скоєння,1
2252,дорожньотранспортної,1
2253,пригоди,1
2254,криміналісти,1
2255,автоаварії,1
2256,з’ясовуються,1
2257,закіпці,1
2258,прилуках,1
2259,жити,1
2260,курсу,1
2261,чернігівській,1
2262,сухополова,1
2263,прилуцького,1
2264,молодь,1
2265,відпочивала,1
2266,знайшла,1
2267,довжиною,1
2268,метр,1
2269,молоді,1
2270,концерн,1
2271,викликали,1
2272,виїздили,1
2273,спеціалісти,1
2274,держпродспоживслужби«рептилія,1
2275,напіврозкладеному,1
2276,«електронтранс»,1
2277,крокодил,1
2278,одиниці,1
2279,перша,1
2280,партія,1
2281,кондиціонерами,1
2282,салоні,1
2283,сайту,1
2284,білий,1
2285,перші,1
2286,електротранспорту,1
2287,переможцем,1
2288,січні,1
2289,«львівелектротранс»,1
2290,угоду,1
2291,єбрр,1
2292,тендер,1
2293,відбувся,1
2294,листопаді,1
2295,біоматеріал,1
2296,експетризу,1
2297,відбирали,1
2298,крокодили,1
2299,місцеві,1
2300,припускають,1
2301,привезли,1
2302,прилук,1
2303,мандрівний,1
2304,цирк,1
2305,тварину,1
2306,захоронили,1
2307,неглибоко,1
2308,закопали,1
2309,собаки,1
2310,лисиці,1
2311,витягли,1
2312,версія,1
2313,зауважила,1
2314,зазначила,1
2315,було»,1
2316,продизенфікували»,1
2317,поінформували,1
2318,секретеря,1
2319,сухополов’янської,1
2320,сільської,1
2321,людмили,1
2322,знахідка,1
2323,холоднокровної,1
2324,рептилії,1
2325,стала,1
2326,дивиною«люди,1
2327,дивуються,1
2328,узявся,1
2329,сільський,1
2330,міжкімнатних,1
2331,дверей,1
2332,газовивідну,1
2333,судовий,1
2334,вчинене,1
2335,участю,1
2336,прокурорів,1
2337,радехівської,1
2338,бродівському,1
2339,районному,1
2340,завершено,1
2341,убив,1
2342,завершення,1
2343,власну,1
2344,квітня,1
2345,напідпитку,1
2346,суперечки,1
2347,дружиною,1
2348,спину,1
2349,досудового,1
2350,спрямованих,1
2351,трубу,1
2352,яворівським,1
2353,будівельний,1
2354,інвентар,1
2355,документи,1
2356,гроші,1
2357,скутер,1
2358,погодившись,1
2359,позицією,1
2360,районним,1
2361,вживають,1
2362,судом,1
2363,застосовано,1
2364,запобіжний,1
2365,захід,1
2366,тримання,1
2367,установі,1
2368,покарань,1
2369,потерпіла,1
2370,померла,1
2371,кареті,1
2372,берник,1
2373,ліній,1
2374,електропередач,1
2375,плрдіагностики,1
2376,діагноз,1
2377,ос,1
2378,інфекційної,1
2379,одужанням,1
2380,дорозі,1
2381,медпрацівники,1
2382,поступлення,1
2383,хворих,1
2384,липня,1
2385,селищі,1
2386,пашена,1
2387,балка,1
2388,щитів,1
2389,рекламних,1
2390,подалі,1
2391,триматися,1
2392,обвинуваченого,1
2393,визнано,1
2394,видимістю,1
2395,півдню,1
2396,сильні,1
2397,північного,1
2398,уважними,1
2399,обережними,1
2400,погіршення,1
2401,погодних,1
2402,умов,1
2403,ходити,1
2404,розлогими,1
2405,деревами,1
2406,побутову,1
2407,особисті,1
2408,переважно,1
2409,«кульбаба»,1
2410,крадіжка,1
2411,статтею,1
2412,триває,1
2413,четвер,1
2414,галицькій,1
2415,демонтували,1
2416,фонтан,1
2417,яворівської,1
2418,чином,1
2419,«сірки»,1
2420,спільноті,1
2421,“підслухано,1
2422,ня«,1
2423,»facebook,1
2424,опублікувала,1
2425,оксана,1
2426,доказ,1
2427,речовий,1
2428,львів’янин,1
2429,причетний,1
2430,діаметром,1
2431,зміщено,1
2432,фундаменту,1
2433,см,1
2434,сихівський,1
2435,хоткевича,1
2436,річної,1
2437,доньки,1
2438,викрадено,1
2439,рюкзак,1
2440,«самсунг»,1
2441,областірозшуковими,1
2442,заходами,1
2443,крадіжки,1
2444,сеньовська«ось,1
2445,розташована,1
2446,яворові,1
2447,половиною,1
2448,непритягнення,1
2449,протипожежної,1
2450,оперативники,1
2451,здирника,1
2452,одержання,1
2453,сумі,1
2454,злочини,1
2455,»сірки«,1
2456,низку,1
2457,нових,1
2458,правопорушень,1
2459,злочинною,1
2460,діяльністю,1
2461,«спритник»,1
2462,доларів,1
2463,триста,1
2464,бізнесмена,1
2465,вимагав,1
2466,спеку,1
2467,смертельно,1
2468,небезпечно,1
2469,нормальна,1
2470,чинити»,1
2471,дописі,1
2472,залізничний,1
2473,районний,1
2474,виніс,1
2475,вирок,1
2476,заступника,1
2477,райвідділів,1
2478,хабарництві,1
2479,підполковник,1
2480,помічників,1
2481,пропонує,1
2482,пройти,1
2483,поховання,1
2484,менші,1
2485,збирали,1
2486,ховали,1
2487,парках»,1
2488,ідентифікація,1
2489,займає,1
2490,«це,1
2491,тривалий,1
2492,достатньо,1
2493,кропіткий,1
2494,гнильного,1
2495,розпаду,1
2496,зверталися,1
2497,поховано,1
2498,бучі,1
2499,санкція,1
2500,загибелі,1
2501,знайдених,1
2502,похованнях,1
2503,ідентифіковано,1
2504,глава,1
2505,передає,1
2506,«інтерфакс»,1
2507,фактом,1
2508,відкрито,1
2509,буча,1
2510,знайдені,1
2511,могилах,1
2512,чоловіки,1
2513,решта,1
2514,жінки,1
2515,київській,1
2516,знайдено,1
2517,гарячу,1
2518,лінію,1
2519,відбираємо,1
2520,підприємство,1
2521,небезпеці,1
2522,заарештував,1
2523,акції,1
2524,реалізації,1
2525,мінеральної,1
2526,російському,1
2527,встановило,1
2528,днк,1
2529,прокурора,1
2530,називає,1
2531,еп,1
2532,міхаіла,1
2533,фрідмана,1
2534,олігарха,1
2535,знаходиться,1
2536,країн,1
2537,нападу,1
2538,мету,1
2539,кінцеву,1
2540,профілі,1
2541,порівнюємо,1
2542,профілями,1
2543,поховані,1
2544,розстріляні,1
2545,змогли,1
2546,впізнати,1
2547,родичі,1
2548,прямі,1
2549,батькоматирідні,1
2550,працюємо»,1
2551,додав,1
2552,путін,1
2553,назвав,1
2554,статті,1
2555,особі,1
2556,франківщині,1
2557,тютюнових,1
2558,вишню»,1
2559,спільного,1
2560,коробок,1
2561,вишнями,1
2562,велику,1
2563,тютюновими,1
2564,виробами,1
2565,виробів,1
2566,перевозив,1
2567,ящиках,1
2568,знаходилось,1
2569,пачок,1
2570,сигарет,1
2571,оцінених,1
2572,грнbe,1
2573,обласна,1
2574,«заморожену,1
2575,громадянин,1
2576,службовій,1
2577,погода,1
2578,впала,1
2579,загинула—,1
2580,вкрав,1
2581,електросамокат,1
2582,повіз,1
2583,потягом,1
2584,додому—,1
2585,пункті,1
2586,«даф»,1
2587,«порубне»,1
2588,держприкордонслужби,1
2589,спільно,1
2590,митниками,1
2591,вантажівку,1
2592,поглибленого,1
2593,вантажного,1
2594,«окружна,1
2595,підтримала,1
2596,обвинувачення,1
2597,рук,1
2598,точок,1
2599,харчовими,1
2600,належних,1
2601,невстановленому,1
2602,склали,1
2603,протокол,1
2604,містах,1
2605,сягає,1
2606,жителя,1
2607,прийшов,1
2608,надати,1
2609,начальнику,1
2610,неправомірну,1
2611,вигоду,1
2612,пропозиція,1
2613,обіцянка,1
2614,торгував,1
2615,грабували,1
2616,червонограді,1
2617,енергії,1
2618,таємне,1
2619,викрадення,1
2620,чужого,1
2621,поєднане,1
2622,проникненням,1
2623,приміщення,1
2624,україни»,1
2625,визнав,1
2626,вказаного,1
2627,повторно,1
2628,вчиняв,1
2629,умисні,1
2630,викрав,1
2631,обліку,1
2632,теплої,1
2633,санкціями,1
2634,сша,1
2635,єс,1
2636,зібрані,1
2637,людяності,1
2638,женевської,1
2639,конвенції,1
2640,суперечить,1
2641,законам,1
2642,звичаям,1
2643,«усі,1
2644,дані,1
2645,бомб,1
2646,увійдуть,1
2647,матеріалів,1
2648,судах,1
2649,злочин,1
2650,безкарним»,1
2651,ракетний,1
2652,тернопільщині,1
2653,злочином,1
2654,фосфорних,1
2655,британії,1
2656,радіє,1
2657,машини,1
2658,мирним,1
2659,населенням,1
2660,«будет,1
2661,из,1
2662,машины,1
2663,дуршлаг»,1
2664,матір,1
2665,використання,1
2666,зітхає,1
2667,виправдовується,1
2668,«не,1
2669,судьба»,1
2670,служба,1
2671,нагадала,1
2672,житлових,1
2673,будинків,1
2674,перехопленій,1
2675,зізнаються,1
2676,«пи…,1
2677,стріляють,1
2678,є…,1
2679,збожеволіти,1
2680,бажає,1
2681,«берегти,1
2682,себе»,1
2683,використовують,1
2684,розмові,1
2685,перехоплені,1
2686,розмови,1
2687,хмельницькій,1
2688,розбестив,1
2689,трапився,1
2690,росошанської,1
2691,продуктового,1
2692,бронежилет,1
2693,втримати,1
2694,зміг,1
2695,осколки,1
2696,окупантів,1
2697,опублікованій,1
2698,управлінням,1
2699,рашистів,1
2700,починають,1
2701,божеволіти,1
2702,шокований,1
2703,втратами,1
2704,підрозділі,1
2705,«мінус,1
2706,одинадцять»,1
2707,дивом,1
2708,цілим,1
2709,команду,1
2710,зізнається,1
2711,матері,1
2712,діяльність,1
2713,примусового,1
2714,вилучення,1
2715,власності,1
2716,передбачених,1
2717,україни”,1
2718,офісі,1
2719,заборонив,1
2720,партії,1
2721,бучею,1
2722,вбили,1
2723,київської,1
2724,нєбитов,1
2725,масове,1
2726,захоронення,1
2727,розстріляних,1
2728,санкцій,1
2729,намагалися,1
2730,корпоративних,1
2731,продажу,1
2732,арешт,1
2733,накладено,1
2734,загальну,1
2735,цінні,1
2736,папери,1
2737,грошові,1
2738,бенефіціарним,1
2739,власником,1
2740,прокручував,1
2741,“російський,1
2742,бізнесменами,1
2743,укладання,1
2744,правочинів,1
2745,солдатів,1
2746,селом,1
2747,розповідає,1
2748,перехоплення,1
2749,застосовувати,1
2750,заборонені,1
2751,види,1
2752,озброєнь,1
2753,використовує,1
2754,свідчить,1
2755,нове,1
2756,«фосфором,1
2757,мироцьке,1
2758,жгут,1
2759,нашей,1
2760,стороны,1
2761,хохлячую,1
2762,полетел,1
2763,фосфор»,1
2764,продовжують,1
2765,горілки,1
2766,пляшку,1
2767,племіннику,1
2768,бучанського,1
2769,росіяни,1
2770,стратили,1
2771,жертв,1
2772,зв’язані,1
2773,руки,1
2774,простріляні,1
2775,коліна,1
2776,працюємо,1
2777,ідентифікувати,1
2778,загиблих»,1
2779,нєбитова,1
2780,нацполіція,1
2781,київщини,1
2782,рівненщині,1
2783,дитина,1
2784,автомобіль—,1
2785,онлайн,1
2786,дпрч,1
2787,пошуковорятувальної,1
2788,катамаран,1
2789,«збіраварія»,1
2790,водолазнорятувальних,1
2791,аварійнорятувальної,1
2792,прибули,1
2793,мпк,1
2794,слів,1
2795,косів,1
2796,очевидців,1
2797,річці,1
2798,перебувало,1
2799,дитину,1
2800,понесло,1
2801,течією,1
2802,спеціалізованої,1
2803,пошуковорятувального,1
2804,переваги,1
2805,пристроями,1
2806,транспортним,1
2807,засобам,1
2808,служб,1
2809,рухаються,1
2810,світловими,1
2811,звуковими,1
2812,сигнальними,1
2813,оплатить,1
2814,команди,1
2815,тюдів,1
2816,косівського,1
2817,перебуваючи,1
2818,відпочинку,1
2819,іванофранківській,1
2820,залучено,1
2821,рятувальників,1
2822,гірські,1
2823,підняли,1
2824,берег,1
2825,назва,1
2826,днем,1
2827,заснування,1
2828,вважають,1
2829,п’яте,1
2830,бій,1
2831,луганській,1
2832,айдар,1
2833,тіло,1
2834,сьому,1
2835,річницю,1
2836,привітати,1
2837,запізненням»,1
2838,захисники,1
2839,тата…,1
2840,вибач,1
2841,нагорода«сонечко,1
2842,дитини,1
2843,здійснювались,1
2844,пошуки,1
2845,воїн,1
2846,механізованої,1
2847,зустрівся,1
2848,дочкою,1
2849,померлого,1
2850,побратима,1
2851,вручити,1
2852,батьківську,1
2853,окрема,1
2854,механізована,1
2855,бригада,1
2856,часта,1
2857,русі,1
2858,ненадання,1
2859,автосервіс—,1
2860,вчасно,1
2861,апарату,1
2862,типу,1
2863,«орлан»,1
2864,перетином,1
2865,лінії,1
2866,розмежування,1
2867,бпла,1
2868,подавили,1
2869,безпілотного,1
2870,реб,1
2871,повідомлено,1
2872,обсє,1
2873,сцкк,1
2874,годину,1
2875,ранку,1
2876,патрульні,1
2877,літального,1
2878,проліт,1
2879,винесли,1
2880,вели,1
2881,операції,1
2882,приазов’ї,1
2883,тричі,1
2884,обстрілювали,1
2885,піски,1
2886,російськоокупаційні,1
2887,війська,1
2888,здійснював,1
2889,зафіксований,1
2890,позицій,1
2891,бік,1
2892,причепилівки,1
2893,новотошківським,1
2894,здійснювали,1
2895,півночі,1
2896,луганської,1
2897,зупинилися,1
2898,зелене,1
2899,світло,1
2900,зобов’язані,1
2901,маячком,1
2902,спеціальним,1
2903,звуковим,1
2904,сигналом,1
2905,водії,1
2906,створювати,1
2907,перешкоду,1
2908,дорогу,1
2909,світлофора,1
2910,забезпечити,1
2911,безперешкодний,1
2912,зазначеного,1
2913,супроводжуваних,1
2914,засобівзайвий,1
2915,поїхав,1
2916,автомобіль,1
2917,проблисковим,1
2918,синім,1
2919,увімкненим,1
2920,наближення,1
2921,пропустити,1
2922,проблисковими,1
2923,маячками,1
2924,сиреною,1
2925,богдана,1
2926,гасити,1
2927,село,1
2928,муроване,1
2929,проїхало,1
2930,секунд,1
2931,doblo»,1
2932,вирішив,1
2933,разі,1
2934,світлана,1
2935,подякувала,1
2936,«звісно,1
2937,іноземка,1
2938,«паланка–маяки–удобне»,1
2939,українськомолдовському,1
2940,кордоні,1
2941,прибула,1
2942,громадянка,1
2943,білгороддністровського,1
2944,загону,1
2945,незаконно,1
2946,розпочатого,1
2947,росіянка,1
2948,прямує,1
2949,одесу,1
2950,виступити,1
2951,театрі,1
2952,відома,1
2953,акторка,1
2954,україни,1
2955,встановлені,1
2956,полегшить,1
2957,нанесла,1
2958,погрожуючи,1
2959,втік,1
2960,учасник,1
2961,бійки,1
2962,компанія,1
2963,молодиків,1
2964,дістав,1
2965,обставини,1
2966,здійснив,1
2967,постріл,1
2968,звертався,1
2969,причетними,1
2970,хуліганських,1
2971,озвучування,1
2972,дубляжу,1
2973,співачка,1
2974,юмз,1
2975,з’їхав,1
2976,меліоративну,1
2977,канаву,1
2978,травм,1
2979,надавали,1
2980,працівникам,1
2981,деблокуванню,1
2982,смерті,1
2983,півострів,1
2984,встановлюють,1
2985,щоденний,1
2986,випуск,1
2987,новин,1
2988,пропустив,1
2989,пожежників—,1
2990,мурованому,1
2991,трави,1
2992,покос,1
2993,здійснюючи,1
2994,рівненській,1
2995,встановленого,1
2996,порядку,1
2997,в’їзду,1
2998,виїзду,1
2999,в’їзді,1
3000,територію,1
3001,відмовили,1
3002,заборонили,1
3003,терміном,1
3004,кораблище,1
3005,млинівської,1
3006,тг,1
3007,дубенського,1
3008,трактор,1
3009,схожий,1
3010,витягнув,1
3011,конфлікту,1
3012,фінляндією,1
3013,шпиталі,1
3014,північнозахідного,1
3015,i,1
3016,небезпечності,1
3017,жовтий,1
3018,департамент,1
3019,активних,1
3020,малоградієнтне,1
3021,пневмоніями,1
3022,баричне,1
3023,підвищеного,1
3024,тиску,1
3025,значний,1
3026,гроза,1
3027,зареєстровано,1
3028,підтверджені,1
3029,ускладнень,1
3030,воював,1
3031,«балу»,1
3032,позивним,1
3033,біль,1
3034,поверне,1
3035,людину,1
3036,друзів,1
3037,хотіли,1
3038,спілкуватися,1
3039,підтримував,1
3040,допомагав,1
3041,світла,1
3042,добра»,1
3043,штурмової,1
3044,роти,1
3045,манджосов,1
3046,випадки,1
3047,ковідних,1
3048,учасників,1
3049,компанією,1
3050,дозами,1
3051,бійка,1
3052,стрілянина,1
3053,центрі,1
3054,іванофранківщини,1
3055,попередньо,1
3056,з’ясували,1
3057,п’яти,1
3058,реанімаційному,1
3059,чоловіками,1
3060,раптово,1
3061,виник,1
3062,словесний,1
3063,конфлікт,1
3064,переріс,1
3065,бійку,1
3066,дозою,1
3067,першою,1
3068,вакциновано,1
3069,щеплено,1
3070,відділенні,1
3071,швл,1
3072,заклади,1
3073,проведено,1
3074,лабораторне,1
3075,дослідження,1
3076,проведені,1
3077,досліджень,1
3078,летальних,1
3079,одужало,1
3080,медичних,1
3081,працівників,1
3082,амбулаторному,1
3083,одужали,1
3084,бригадами,1
3085,звернутися,1
